wine_type,style,color_depth,color_straw,color_lemon,color_gold,color_amber,color_brown,color_purple,color_ruby,color_garnet,nose_intensity,fruit_green,fruit_citrus,fruit_stone,fruit_tropical,fruit_red,fruit_black,secondary_oak,secondary_creamy,tertiary_present,development,acidity,body,finish,tannin,score_complexity,score_intensity,particle_type,particle_size,particle_count,particle_speed,gravity,color_r,color_g,color_b
red,light_red,0.21279113783681963,0,0,0,0,0,0,0,0,0.4896189498703226,0,0,0,0,1,0,0,0,0,0.13358191365419353,0.9268966520273736,0.1379551912488281,0.37475971054818563,0.4442113948905506,0.27994082225970846,0.4278608821089554,1,2.254,283,0.63,-0.501,0.281,0.0,0.328
red,bold_red,0.9905652889536225,0,0,0,0,0,1,0,1,0.753256507570265,0,0,0,0,1,1,1,0,1,0.713779302405136,0.3081854836428285,0.7361907897290547,0.8182156270777928,0.8828102738813098,0.7740871399730949,0.6635410337438417,2,4.784,43,0.363,0.676,0.603,0.019,0.133
white,rich,0.5233968410569015,0,0,1,0,0,0,0,0,0.5303609581266447,0,0,0,1,0,0,0,0,0,0.610101521450418,0.49080889462660543,0.5904964418037817,0.972232888134493,0.0,0.7319213059665798,0.6769215106521345,4,3.423,17,0.343,0.05,0.715,0.69,0.232
red,light_red,0.11086990661230448,0,0,0,0,0,0,0,0,0.48666584336262886,0,0,0,0,1,0,1,0,0,0.06148750942158823,0.8439481025078418,0.21839664056696081,0.5127752063360054,0.31040822943927016,0.27124884877042277,0.20727422917708574,1,2.431,65,0.682,-0.314,0.307,0.068,0.285
white,rich,0.4311977486744942,0,0,0,0,0,0,0,0,0.7305761242006673,0,1,1,0,0,0,1,1,0,0.49135493930665486,0.6575137976655265,0.771845473930499,0.8472115820727547,0.0,0.9301560749118312,0.6601896829624977,0,4.455,222,0.549,-0.06,0.711,0.756,0.597
white,crisp,0.2902903641456413,0,0,0,0,0,0,0,0,0.37313305588566453,1,1,0,1,0,0,0,0,0,0.39132216229541894,0.8261986937906252,0.14631698310325209,0.5273180690816006,0.0,0.39615145788866435,0.23965727306968365,1,1.585,258,0.564,-0.623,0.646,0.672,0.564
red,aged,0.3862824535437789,0,0,0,0,1,0,0,0,0.5725054564232013,0,0,0,0,1,1,1,1,1,0.7940900240000708,0.38502546896755496,0.6729292151870276,0.737306770577101,0.5266227599636182,0.9578527621115274,0.740866969955881,1,4.741,300,0.17,0.446,0.363,0.154,0.054
white,rich,0.4918749516257094,0,1,1,0,0,0,0,0,0.8955863406588139,1,1,1,1,0,0,1,0,0,0.5613785737664498,0.7032992761701109,0.8631418897433606,0.5439499971967668,0.0,0.7575540463370468,0.8975877973911587,4,4.442,265,0.614,-0.006,0.739,0.626,0.309
red,earthy,0.36524729807539663,0,0,0,0,0,0,0,0,0.6597581798885528,0,0,0,0,1,0,0,0,1,0.5732476673146729,0.5878024023213255,0.2850940192238926,0.5756556914994365,0.4343585291995112,0.6787197557592358,0.44488275634101354,2,2.884,35,0.518,0.102,0.305,0.041,0.357
white,crisp,0.3647274514744367,1,0,0,0,0,0,0,0,0.42709783282183356,1,1,0,1,0,0,0,0,1,0.13573386905933588,0.5461729275537479,0.437901754941779,0.6242896429162581,0.0,0.42478970141599975,0.584483245530826,0,2.768,271,0.512,-0.374,0.696,0.725,0.589
white,rich,0.4440253722929507,0,0,1,1,0,0,0,0,0.8324409815478214,0,1,1,0,0,0,1,0,0,0.19366670193454022,0.30850245952362637,0.8184707401424313,0.7272904258996425,0.0,0.8597585483111384,0.8382490372178844,0,4.35,270,0.565,-0.074,0.689,0.489,0.118
red,light_red,0.38459122718914296,0,0,0,0,0,0,1,0,0.38246744480796996,0,0,0,0,1,0,0,0,0,0.357261346039895,0.8608106794046064,0.24304408145469075,0.3564785887984545,0.4387035796672881,0.33417789054553365,0.3278194051286206,1,2.418,50,0.404,-0.261,0.527,0.062,0.123
white,rich,0.7412912580411,0,0,1,1,0,0,0,0,0.7410703855657486,0,0,1,0,0,0,1,1,1,0.27854718407824586,0.39528269601152294,0.849876804634757,0.6789129713377009,0.0,0.5080688931680699,0.6540861007042766,0,3.741,300,0.539,-0.04,0.863,0.585,0.205
white,rich,0.7238442174747386,0,0,0,0,0,0,0,0,0.8285505914646253,1,1,0,1,0,0,0,0,1,0.5106703002386411,0.39919846265132686,0.5816984984710253,0.8245554061184576,0.0,0.7647000585658056,0.5533573413526827,4,3.759,176,0.329,0.048,0.773,0.843,0.668
white,aromatic,0.14632923289471772,0,0,0,0,0,0,0,0,0.7686965591260025,0,0,0,1,0,0,0,0,0,0.4470641943300455,0.8298241526432597,0.6250941881081249,0.6596976380010084,0.0,0.6947273594061862,0.6335705187725201,0,3.59,261,0.671,-0.235,0.701,0.65,0.523
white,crisp,0.12082420073391803,0,0,0,0,0,0,0,0,0.5819328910181215,1,1,1,0,0,0,0,0,0,0.22142564758200914,0.5863062544496805,0.02327071238154886,0.5139238605026263,0.0,0.1122859592080159,0.4029794700095385,0,1.0,10,0.422,-0.536,0.649,0.625,0.47
red,aged,0.46581605380855207,0,0,0,0,0,0,0,1,0.524122234957241,0,0,0,0,0,1,1,0,1,0.7455611753444993,0.6253238249186442,0.8027802517206375,0.5729305090085499,0.38388460727499646,0.7943630263271629,1.0,2,4.397,78,0.443,0.396,0.467,0.024,0.107
red,earthy,0.47391182665911846,0,0,0,0,0,0,0,1,0.6090768354514446,0,0,0,0,0,1,0,0,1,0.7187396333253004,0.6295932827723121,0.7368396806556512,0.6652232582703879,0.46407106322907715,0.5672040766051842,0.6489089999510835,2,4.384,274,0.465,0.33,0.495,0.077,0.142
red,aged,0.6230255273352123,0,0,0,0,0,0,0,1,0.3992915021552949,0,0,0,0,1,1,1,1,1,0.7405708607757933,0.43785784782333803,0.7289835970944073,0.8154548166718043,0.6385565689675413,0.8765372373961027,0.41776327054066825,4,4.436,10,0.219,0.598,0.507,0.095,0.128
red,earthy,0.5524957066388632,0,0,0,0,1,0,0,0,0.5530673701085427,0,0,0,0,0,1,1,0,1,0.6451753257823309,0.6596399837750306,0.5991219313722421,0.48909601146839266,0.6302984284896204,0.8469429380998957,0.33451298962995935,2,4.36,150,0.346,0.262,0.382,0.107,0.049
white,crisp,0.023081171366359544,1,1,0,0,0,0,0,0,0.3704875239311141,0,0,0,0,0,0,0,1,0,0.343628837032613,0.6046412776084487,0.22922594294119644,0.3329886702349491,0.0,0.44932196389098794,0.5764447152365849,0,2.025,100,0.431,-0.414,0.642,0.547,0.365
white,rich,0.7531007187749392,0,0,0,0,0,0,0,0,0.7703679691748911,0,0,1,0,0,0,1,1,0,0.3312013384206541,0.5607510753754414,0.8083646866736375,0.8549752807412252,0.0,0.6004582953477877,0.5381082804690114,0,4.105,300,0.511,-0.02,0.832,0.873,0.649
red,fruity,0.34137406665950487,0,0,0,0,0,1,1,1,0.7376400851839522,0,0,0,0,1,0,0,0,0,0.3059447309987187,0.38675185059705663,0.5261500481897186,0.44887737133720473,0.5071389681691695,0.3399067562000777,0.7062192516221572,0,3.258,184,0.502,0.145,0.388,0.024,0.116
red,bold_red,0.755910127848915,0,0,0,0,0,1,0,1,0.8909780814599552,0,0,0,0,0,1,0,0,1,0.3324403426285234,0.4681669079380855,0.8524383280482609,1.0,0.9703685431553427,0.6408297977579249,0.8263101047169645,3,5.0,248,0.521,0.535,0.539,0.048,0.1
white,rich,0.8278214378844623,0,0,1,1,0,0,0,0,0.7309351073582623,1,0,0,1,0,0,1,1,1,0.44827430911054056,0.5164963630008468,0.49086215748415,0.5959831228507338,0.0,0.6429007320711063,0.8846285553463673,0,3.27,235,0.531,-0.165,0.856,0.608,0.206
red,light_red,0.38251291957087186,0,0,0,0,0,0,1,0,0.1462247321746755,0,0,0,0,1,0,1,0,0,0.17612714656317996,1.0,0.2226011675448637,0.28401665477655147,0.06668694230178082,0.3917733247552309,0.09430892051664946,0,2.44,10,0.507,-0.593,0.574,0.032,0.121
white,crisp,0.05021991595939084,0,1,0,0,0,0,0,0,0.5572205030359538,1,1,1,0,0,0,0,0,0,0.33922298574682,0.9278346935487515,0.22858243269793166,0.37402650053872166,0.0,0.3906189697700493,0.7106606653604696,1,2.272,244,0.678,-0.582,0.603,0.653,0.379
red,bold_red,0.7592348712944923,0,0,0,0,0,1,1,0,1.0,0,0,0,0,1,1,0,0,1,0.25486274795188946,0.5588504802912266,0.7210005367935418,0.8916323690257911,0.8292795838114477,0.8454354188647801,0.9961726086996656,4,4.697,195,0.652,0.28,0.598,0.0,0.13
red,bold_red,0.6795667254948898,0,0,0,0,0,0,1,0,0.6764059109705169,0,0,0,0,1,1,1,0,0,0.2278819763838347,0.4754755129695045,0.6342003132301824,0.7459560416099312,0.7019717121435718,0.9233287419106222,0.8445090259834311,4,4.871,180,0.567,0.113,0.702,0.0,0.171
white,aromatic,0.41260225909687287,1,1,1,0,0,0,0,0,0.8603190514381056,0,0,1,1,0,0,0,0,0,0.3332981276520327,0.6803117424515461,0.343937538115047,0.6768492938202781,0.0,0.6449104033407163,0.6253480801192451,0,2.861,238,0.73,-0.471,0.683,0.619,0.244
red,fruity,0.31164058052919064,0,0,0,0,0,1,1,0,0.6823216017165918,0,0,0,0,1,0,0,0,0,0.04302154015511335,0.6942525374884456,0.31721187392297956,0.6310363198726694,0.3357143166551892,0.35816775700055653,0.5985261264188081,1,2.622,170,0.662,-0.352,0.513,0.069,0.096
white,crisp,0.162729058959386,1,1,0,0,0,0,0,0,0.36519643325360873,1,1,0,0,0,0,0,0,0,0.14025773058217816,0.7967094031757362,0.222950154224204,0.2628481848420175,0.0,0.292078667255548,0.5719733214855485,1,2.001,147,0.55,-0.732,0.64,0.672,0.4
red,bold_red,0.7594008115215921,0,0,0,0,0,1,0,1,0.6629036945776497,0,0,0,0,0,1,0,0,1,0.44293006270039237,0.6864608503151468,0.7182393668463782,0.9163887303509507,0.6157428881613024,0.6782211654333462,0.7837219163421941,2,4.218,170,0.516,0.252,0.517,0.054,0.087
white,crisp,0.278359647267521,0,1,0,0,0,0,0,0,0.5787689929080897,0,1,0,0,0,0,0,0,0,0.07740777353352567,0.7172650541439132,0.3692603141543834,0.5631450374242746,0.0,0.34668118742968096,0.7363372902971294,1,2.73,57,0.643,-0.622,0.705,0.674,0.389
red,fruity,0.5636622178400537,0,0,0,0,0,1,1,0,0.6161702965226808,0,0,0,0,0,1,0,0,0,0.2266695175385924,0.5325851638702298,0.6286121272080554,0.4244045236652252,0.5678127968629142,0.5115403591512583,0.7715843404652208,0,3.653,141,0.474,0.067,0.655,0.003,0.095
white,aromatic,0.47620158115176103,0,0,1,0,0,0,0,0,0.9070406796544784,0,1,1,1,0,0,0,0,0,0.11378595429570781,0.7006162132596079,0.4511923850210406,0.5357077295114169,0.0,0.5429707128598001,0.7099965974611517,0,3.103,213,0.821,-0.531,0.755,0.663,0.348
white,sweet,0.45549053915061866,0,1,1,1,0,0,0,0,0.5593929468345525,0,0,0,1,0,0,0,1,1,0.5150889556345973,0.5431095010881004,0.5442691330438298,0.870288500618573,0.0,0.6606375301284859,0.8228050944635361,0,3.424,245,0.469,-0.116,0.667,0.54,0.167
red,light_red,0.12139300636401841,0,0,0,0,0,0,0,0,0.3913357733845647,0,0,0,0,1,0,0,0,0,0.18910120770583497,0.8214417655616133,0.0,0.24581688097201632,0.43963930000953205,0.3390232237716454,0.5464171045855142,2,2.113,19,0.519,-0.348,0.295,0.0,0.279
white,sweet,0.41982252784595886,0,1,0,0,0,0,0,0,0.8295266502312303,1,0,0,1,0,0,1,0,1,0.5163233109939933,0.6207696610880955,0.697354240160917,0.8579593547251124,0.0,0.6715935901698132,0.5332575717559378,3,3.874,164,0.537,-0.061,0.756,0.709,0.452
white,rich,0.7802368841380456,0,0,1,0,0,0,0,0,0.5707711182291864,0,1,1,0,0,0,0,1,1,0.3961118532430424,0.6284198025554879,0.7280355910017409,0.4320899767624894,0.0,0.4430088659911466,0.9385024666339045,0,3.239,142,0.489,-0.127,0.852,0.765,0.314
red,aged,0.3902180604017781,0,0,0,0,1,0,0,1,0.718361523946762,0,0,0,0,0,1,1,0,1,0.5963429567342008,0.3469758563519243,0.5798720371587555,0.8904096424809491,0.6414310159361749,0.9801793113931626,0.5183435437700613,2,4.653,176,0.404,0.457,0.32,0.144,0.07
white,sweet,0.48557299467533444,0,0,1,1,0,0,0,0,0.4941690639133831,0,0,1,1,0,0,0,0,1,0.6134049267641652,0.583626553266871,0.5275571612793498,0.6304393985409997,0.0,0.8049186826985781,0.7035285785764475,4,3.541,176,0.354,-0.058,0.774,0.542,0.148
white,aromatic,0.16466857449478478,0,0,0,0,0,0,0,0,0.7797311632741142,0,0,1,1,0,0,1,0,0,0.11509102573546237,0.5980917653208188,0.4524815245588075,0.6427954226186121,0.0,0.34183353131894056,0.628662402265704,0,2.712,161,0.685,-0.597,0.693,0.611,0.507
white,sweet,0.5605681553407457,0,1,1,1,0,0,0,0,0.8354889033919468,0,0,1,0,0,0,0,1,0,0.37261753258480323,0.4303581321608807,0.6571455128182587,0.5762184245343659,0.0,0.5606103269693679,0.8335357188098323,0,3.133,248,0.515,-0.071,0.725,0.545,0.113
white,rich,0.7048934254765904,0,1,1,0,0,0,0,0,0.9497913951905552,1,0,1,0,0,0,0,1,0,0.6086501142567025,0.33641135882901263,0.5930177604277752,0.745234640135019,0.0,0.6062194199289753,0.8405741541493065,0,3.103,253,0.583,0.158,0.852,0.779,0.323
red,light_red,0.13753253061933324,0,0,0,0,0,1,0,1,0.2184834035869155,0,0,0,0,0,1,0,0,0,0.0,0.7061124798050514,0.2958398643388785,0.19439016151751456,0.17506623642927505,0.5258156846168054,0.19548864818381667,0,2.701,10,0.553,-0.452,0.4,0.012,0.038
white,oxidative,0.979069059902248,0,0,1,1,0,0,0,0,0.6873152250729876,0,0,0,0,0,0,0,1,1,0.6633229766431068,0.3159451284886412,0.46876312544628795,0.4712291429021727,0.0,0.5607233545944696,0.8556586967761011,0,2.791,102,0.313,0.086,0.918,0.69,0.216
white,rich,0.618282809114213,0,0,0,1,0,0,0,0,0.8752601831910505,0,0,1,0,0,0,1,0,1,0.6544876381652696,0.4974198766705774,0.8229656142245293,0.9057116538654731,0.0,0.6060030040474281,0.8297893403464591,2,4.051,10,0.421,0.265,0.733,0.515,0.172
white,rich,0.7612840518691051,0,1,1,0,0,0,0,0,0.7196980953125621,0,0,1,1,0,0,1,1,1,0.4307541097698253,0.4281491449098975,0.866961266810193,0.7497814055274492,0.0,0.4456177945321239,1.0,1,3.848,45,0.349,0.05,0.866,0.809,0.299
white,rich,0.44247886415673665,0,1,1,0,0,0,0,0,0.8068034359236361,0,0,0,0,0,0,0,1,0,0.32251406315055087,0.6829881642636463,0.708762295100681,0.6254541767355128,0.0,0.7867174306925122,1.0,0,4.092,37,0.701,-0.229,0.677,0.652,0.302
white,aromatic,0.14881402084975803,0,0,0,0,0,0,0,0,0.715025322241653,0,1,0,1,0,0,0,0,0,0.23626407990326118,0.42047997563344913,0.2090246864770918,0.6123621040299821,0.0,0.6318108143653326,0.6452711700045242,1,2.595,25,0.542,-0.357,0.695,0.595,0.488
red,fruity,0.603251682598738,0,0,0,0,0,0,1,0,0.9170644153793289,0,0,0,0,1,1,1,1,0,0.2189267931896325,0.5107174559276139,0.4927026651003754,0.6473199070365597,0.37923817192419135,0.34692421328106887,0.4028619789023252,0,3.198,160,0.676,0.032,0.681,0.02,0.066
red,aged,0.5328916774233889,0,0,0,0,0,0,0,1,0.6791479233094712,0,0,0,0,1,1,0,0,1,0.8456976418405354,0.35078948525622977,0.7209212592655556,0.6413713126293976,0.3031690162297551,0.8245797462783651,0.6872078172819015,2,3.942,300,0.199,0.493,0.523,0.044,0.13
white,crisp,0.2879165813418744,0,0,0,0,0,0,0,0,0.7516744889156536,1,1,0,0,0,0,0,0,0,0.08289314936365683,0.911079137775205,0.1880175410604878,0.5972942742084546,0.0,0.3600206490690724,0.4974017174468829,0,2.196,68,0.863,-0.808,0.656,0.701,0.522
red,bold_red,0.7223210329797916,0,0,0,0,0,0,0,0,0.9844535560725416,0,0,0,0,1,1,1,0,0,0.2902697794409053,0.19769957717467426,0.9032324862620913,0.7449970299586076,0.7605830044693992,0.6093712387091875,0.8708620113196239,2,5.0,117,0.535,0.555,0.411,0.021,0.428
white,crisp,0.3323508765366822,0,0,0,0,0,0,0,0,0.38903073355549017,0,1,0,0,0,0,0,0,0,0.11839087655747002,0.925618152105574,0.0030294701090469237,0.5323226295125092,0.0,0.496152898688891,0.38545395988236303,0,1.941,226,0.549,-0.812,0.757,0.723,0.485
red,bold_red,0.8709215837192563,0,0,0,0,0,1,0,1,0.6173484481036714,0,0,0,0,1,0,1,0,1,0.2431884268817771,0.36961984156687316,0.5452092661992062,0.906759260096613,0.7342720270571776,0.723927556799354,0.932203736998138,0,4.334,225,0.424,0.206,0.614,0.0,0.123
white,sweet,0.5808627060787614,0,1,0,1,0,0,0,0,0.7397382265136511,0,1,1,1,0,0,0,0,1,0.6038910811138167,0.4237876217677262,0.5798573354201173,0.7458199824720012,0.0,0.7027949806806074,0.6333086525033695,4,3.35,63,0.457,0.097,0.777,0.497,0.145
white,oxidative,0.8676063272617264,0,0,1,1,1,0,0,0,0.7471473756550165,0,0,1,0,0,0,0,1,0,0.726489903728111,0.666480060525401,0.7831501582606578,0.8583860722261633,0.0,0.9857699680133529,0.47681521032921725,1,4.383,252,0.532,0.151,0.917,0.596,0.204
white,aromatic,0.15341369326429977,1,0,0,0,0,0,0,0,1.0,0,0,1,1,0,0,0,0,0,0.27510193180108156,0.6601278053113081,0.12445981837908042,0.4923081537071065,0.0,0.6344019853021393,0.782510389556897,0,2.11,165,0.744,-0.487,0.615,0.617,0.551
white,aromatic,0.47310117562412535,1,1,0,0,0,0,0,0,0.935670839892979,0,0,0,1,0,0,0,0,1,0.13013613780770295,0.693039448027726,0.19772136114016403,0.8646740828392948,0.0,0.49568117914661053,0.7408279327067555,0,2.454,254,0.785,-0.576,0.752,0.788,0.505
red,earthy,0.4872061906002386,0,0,0,0,0,0,1,1,0.5824604889670034,0,0,0,0,1,0,1,0,1,0.5923717273364948,0.9062514893124398,0.5322240693221514,0.6402716892810886,0.8376904431707767,0.8918808305195859,0.43481278597299533,3,4.595,10,0.531,0.224,0.489,0.076,0.091
red,bold_red,0.6047485386677437,0,0,0,0,0,1,0,0,0.818264619872561,0,0,0,0,0,0,1,0,0,0.5411056126032849,0.4671851026686502,0.5815050633058954,0.4154038872014978,0.9158617694189332,0.5139937780547806,0.5945775022285765,1,4.042,191,0.451,0.461,0.363,0.044,0.344
white,sweet,0.3744543591013392,0,0,1,1,0,0,0,0,0.5250439824583862,0,0,0,1,0,0,0,0,0,0.41127960192534,0.5642720725104486,0.5956634202485959,0.6428425548426299,0.0,0.46102578703529395,0.6125696850599879,0,3.188,82,0.392,-0.154,0.683,0.47,0.121
white,oxidative,0.5928665360025929,0,0,0,0,1,0,0,0,0.5582507470967074,0,1,0,0,0,0,0,1,1,0.7735722468277223,0.5002456764912016,0.9834244081702933,0.7510498172564568,0.0,0.8007515595529693,0.8446843670664811,0,4.438,300,0.275,0.34,0.789,0.551,0.175
white,aromatic,0.44873741109809284,1,0,1,0,0,0,0,0,0.6788843160172274,0,0,0,1,0,0,0,0,0,0.27747318668474363,0.5555601669169501,0.6849985359248942,0.45739391828629583,0.0,0.9113930639246759,0.6853805871927976,4,4.117,143,0.559,-0.172,0.699,0.632,0.328
red,bold_red,0.7219738550790643,0,0,0,0,0,1,1,1,0.6989591410308718,0,0,0,0,1,1,0,0,0,0.6808192177721677,0.7528973584085485,0.634757696530535,0.8473582923568308,1.0,0.7004883781351219,0.7043072652176581,3,4.524,266,0.489,0.495,0.57,0.0,0.141
red,bold_red,0.8238299367823494,0,0,0,0,0,0,0,0,0.8585246472935136,0,0,0,0,1,1,1,0,0,0.2650258007013019,0.21336404070687226,0.9127554965059121,1.0,0.848252275633595,0.9441326266742731,0.7047410576510647,3,5.0,93,0.425,0.518,0.442,0.048,0.393
red,bold_red,0.9110570278710757,0,0,0,0,0,1,0,0,0.7719999724168448,0,0,0,0,0,1,1,0,1,0.6012533125533811,0.6314474605601313,0.7849131569183203,0.6641687018661103,0.7540590904687519,0.8981260642618448,0.9302388265801357,3,5.0,224,0.634,0.433,0.384,0.007,0.427
white,rich,0.8335746583994148,0,0,1,0,0,0,0,0,0.8305575268486243,0,1,1,0,0,0,0,1,1,0.28439945009809786,0.4108065173941566,0.8305646290453446,0.693289620516137,0.0,0.8428953469420414,0.6233053190078442,0,4.39,114,0.502,-0.017,0.863,0.747,0.399
red,fruity,0.42382126776106027,0,0,0,0,0,0,0,0,0.7805102641626939,0,0,0,0,1,0,1,1,0,0.3240085943652108,0.6367406933427712,0.4012396889349069,0.5107447149636591,0.2712887337911246,0.378001203198049,0.7027282281558671,1,2.963,135,0.628,-0.091,0.316,0.028,0.258
white,crisp,0.08058556842141318,1,1,0,0,0,0,0,0,0.25746338337762,1,1,1,1,0,0,0,0,0,0.1704225601505837,0.6698445615453541,0.3152839744038052,0.4470255029307301,0.0,0.2664100326887062,0.4047622934889183,0,2.377,36,0.433,-0.594,0.625,0.584,0.407
white,crisp,0.21657918953102634,0,1,0,0,0,0,0,0,0.3622769364649017,1,0,0,0,0,0,0,0,0,0.11649345300591823,0.8888400759592993,0.17026434261109688,0.6073519043883648,0.0,0.49145531473977605,0.3514684245265551,1,1.944,215,0.657,-0.73,0.644,0.643,0.378
white,oxidative,0.558183198942738,0,0,0,1,0,0,0,0,0.8492951220381,0,0,1,0,0,0,1,0,1,1.0,0.4063285048828646,0.8606121066731618,1.0,0.0,0.7819126976097989,0.267877960215966,1,4.337,107,0.345,0.534,0.656,0.532,0.163
red,light_red,0.39176264554088414,0,0,0,0,0,1,0,0,0.37807480770981033,0,0,0,0,1,0,0,0,1,0.0,0.6925818056872256,0.3293750346330175,0.37263953073852657,0.3269958602919671,0.44723790594433743,0.653028582083179,1,2.605,140,0.532,-0.443,0.307,0.037,0.277
red,fruity,0.6988681005702897,0,0,0,0,0,1,1,0,0.8523625359986248,0,0,0,0,0,0,0,0,0,0.20437624842436825,0.46744362281917895,0.6491187048593273,0.35156851002605977,0.43393512643773796,0.5661860812259883,0.610075464682562,0,3.785,77,0.497,0.069,0.636,0.079,0.123
red,bold_red,0.9568611667479844,0,0,0,0,0,1,0,0,0.9852496329154601,0,0,0,0,1,1,1,0,0,0.5793672756084299,0.457132733278787,0.8887792001514335,0.9651292724235984,0.7045890794037252,0.6482571555028025,0.6038336384528864,3,4.667,300,0.582,0.493,0.473,0.047,0.412
red,bold_red,0.9554864378450986,0,0,0,0,0,1,1,0,0.9826447639588733,0,0,0,0,0,1,1,1,0,0.6400650351052478,0.4442762264222137,0.6127202687202346,0.9116567317808305,0.6262518561158487,0.6464567192692248,0.702878482862981,2,4.168,300,0.441,0.378,0.763,0.071,0.147
white,crisp,0.008414760984187452,0,1,0,0,0,0,0,0,0.5477001374385301,1,1,0,0,0,0,0,0,0,0.11416081330595372,0.9988264395929287,0.0655486072337247,0.11432607233209911,0.0,0.37371456636883865,0.696585908164788,1,1.604,100,0.788,-0.931,0.613,0.627,0.355
red,bold_red,0.7940221323823861,0,0,0,0,0,1,0,1,0.9309288790593382,0,0,0,0,1,1,0,0,1,0.3270383041187427,0.6077825638818412,0.5741912173325067,0.9309940213783698,1.0,0.8035855384841384,1.0,4,4.452,300,0.62,0.247,0.532,0.059,0.12
white,aromatic,0.191519266196649,1,1,1,0,0,0,0,0,1.0,0,0,1,0,0,0,0,0,0,0.18511072263534695,0.41265211756049813,0.41012471051842775,0.7016647806711171,0.0,0.5481974305894999,0.5614259628661505,0,2.687,223,0.55,-0.36,0.665,0.554,0.187
white,oxidative,0.5037671815670374,0,0,1,1,1,0,0,0,0.8117034375762168,0,0,1,0,0,0,1,0,0,0.9046222327803981,0.4866205040565072,0.575169970521157,0.8144221905898175,0.0,0.8455887654664068,0.6909354497285045,1,3.859,286,0.378,0.273,0.687,0.499,0.096
red,earthy,0.5552680065322257,0,0,0,0,1,0,0,1,0.2755628387401253,0,0,0,0,1,1,0,0,1,0.442135731632304,0.40388797685784505,0.6334573584163372,0.7428524523367774,0.49222449399673784,0.7289360081825638,0.5199991308633223,0,4.138,149,0.17,0.231,0.38,0.096,0.025
red,bold_red,0.6824094894328337,0,0,0,0,0,0,0,1,0.9059878407330756,0,0,0,0,1,1,1,0,1,0.46895011893059735,0.5206302929801786,0.7924032825189943,0.7955357901136763,0.851227773176175,0.6814992528227556,0.9335455381151438,3,4.511,243,0.618,0.446,0.567,0.023,0.073
red,fruity,0.4666996242496212,0,0,0,0,0,0,1,0,0.6889159212082163,0,0,0,0,1,1,0,0,0,0.03984753774869379,0.7063066474606187,0.42179879200731535,0.5026111585799177,0.31144479488887955,0.3540572306895184,0.4038798733837104,0,2.623,210,0.745,-0.253,0.622,0.081,0.124
white,oxidative,0.9105991412751133,0,0,1,0,1,0,0,0,0.601751940289407,0,0,1,0,0,0,1,0,1,0.6787352518358918,0.5038662440152883,0.7539643999722001,0.8655619910882195,0.0,0.36533379125770915,0.6709763423434164,2,3.585,190,0.295,0.16,0.938,0.644,0.22
red,bold_red,0.7590915902490889,0,0,0,0,0,1,0,0,1.0,0,0,0,0,0,0,1,0,0,0.5526945648960376,0.5324287358346366,0.847564394850511,0.9713262562137831,0.7996248096922909,0.6692453723093185,0.9760651241383307,4,5.0,10,0.59,0.665,0.406,0.0,0.378
red,bold_red,0.775989506816952,0,0,0,0,0,1,0,1,0.6861619131554593,0,0,0,0,0,1,1,0,1,0.4196524985963996,0.3947093961819361,0.6602408365028748,0.9563423775248309,0.8686189667915438,0.46357014706701305,0.7431201461229199,2,4.538,160,0.392,0.483,0.552,0.047,0.133
white,rich,0.4875014399942599,0,1,1,1,0,0,0,0,0.5370847548219007,1,1,1,1,0,0,1,1,1,0.2898919554002729,0.5610332798367041,0.9189518599832445,0.7596744344025131,0.0,0.7339324551389836,0.7256383197908215,4,4.346,123,0.427,-0.132,0.679,0.505,0.164
white,crisp,0.32179785697272895,0,0,0,0,0,0,0,0,0.3598445963909145,1,0,0,0,0,0,0,1,0,0.28995694087552804,0.8614577531893562,0.31780436949579194,0.5157745006313248,0.0,0.43390905097203647,0.5441973052609578,1,2.634,40,0.439,-0.595,0.737,0.655,0.557
red,light_red,0.20943893275972725,0,0,0,0,0,1,1,0,0.19240634637389542,0,0,0,0,1,0,0,0,0,0.08281447028305139,0.8491924031473015,0.0,0.06441011158645552,0.30514033649852706,0.5076239257214464,0.3162201915221665,0,2.109,50,0.444,-0.593,0.459,0.061,0.107
red,bold_red,0.8730975358508164,0,0,0,0,0,0,0,0,0.934812000483217,0,0,0,0,1,1,1,0,1,0.37387244307626083,0.4931565219898893,0.9780747651277328,1.0,0.7712746522717507,0.7080455991307004,0.9004790770252233,4,5.0,272,0.521,0.57,0.369,0.063,0.4
white,crisp,0.17703093837312617,1,0,0,0,0,0,0,0,0.4471383435086932,1,1,0,0,0,0,0,0,0,0.19814642325352597,1.0,0.15931802554829105,0.3471957063738276,0.0,0.2442727226449486,0.5228043778691347,1,2.082,10,0.701,-0.76,0.618,0.654,0.46
red,bold_red,0.8121892748791169,0,0,0,0,0,1,0,1,0.6299056720879532,0,0,0,0,0,1,1,0,0,0.4685875662237069,0.4431863405701392,0.86846712363789,0.7788034803256049,0.7197205369248232,0.7084604535882099,0.9552968510867687,3,4.76,300,0.445,0.435,0.535,0.03,0.056
white,rich,0.723558749423301,0,0,1,0,0,0,0,0,0.6847690480155149,0,1,0,1,0,0,0,0,0,0.49659283300889334,0.6388470861378672,0.6452366287726581,0.589774611926938,0.0,0.5815857769477817,0.8552336708818455,0,3.402,97,0.545,-0.112,0.748,0.712,0.321
red,light_red,0.41080309610092325,0,0,0,0,0,0,1,0,0.18739857915280142,0,0,0,0,1,0,1,0,0,0.29149008169334434,0.6174337468264618,0.25046107483202057,0.4286331752009659,0.19901017945747732,0.3907313398212454,0.34945704431172225,1,2.347,39,0.257,-0.151,0.559,0.074,0.097
red,light_red,0.4327945831601071,0,0,0,0,0,0,1,0,0.5418892714479628,0,0,0,0,1,1,0,0,0,0.069164879126203,0.803506435900611,0.1903765468480802,0.22201693388645447,0.30414266166028164,0.41248655326246897,0.4420409675309638,0,2.517,102,0.625,-0.44,0.612,0.0,0.092
red,bold_red,0.8991061108560128,0,0,0,0,0,1,1,0,0.876393766131323,0,0,0,0,0,1,1,0,0,0.3833025751283171,0.7033738312260267,0.8236087328888508,0.7001175807525106,0.9031991235259664,0.6662767561047825,0.8084301818843725,2,4.95,131,0.661,0.339,0.716,0.016,0.111
red,light_red,0.36751340007234623,0,0,0,0,0,0,1,1,0.3992761754211623,0,0,0,0,1,0,0,0,0,0.10592815512028947,0.660950819407586,0.0,0.29978539256935594,0.2944415682966007,0.11736933136455366,0.359705312220671,1,1.554,153,0.384,-0.435,0.483,0.043,0.074
white,aromatic,0.24170710593641864,0,0,0,0,0,0,0,0,0.994002919912303,1,1,0,0,0,0,0,0,0,0.13321658902297479,0.607939266842628,0.5115054557582066,0.4357578814206044,0.0,0.744936270332364,0.7604325877312753,1,3.42,300,0.693,-0.406,0.642,0.675,0.523
red,aged,0.37905849452675155,0,0,0,0,1,0,0,1,0.5383243531211163,0,0,0,0,0,0,0,1,1,0.6260786829201418,0.5212133245529491,0.8721673084449091,0.620213418425865,0.44167306615219026,0.6992105615150217,0.7545337222575261,2,4.808,180,0.32,0.326,0.377,0.134,0.122
white,rich,0.690187550266741,0,1,1,0,0,0,0,0,0.612608122421011,0,1,1,1,0,0,1,0,0,0.4743903770102025,0.45324611374469315,0.6810516620798279,0.5021434580263207,0.0,0.4798363711459353,0.7727417555206978,0,3.503,35,0.429,-0.058,0.824,0.729,0.286
white,rich,0.7934429221844876,0,0,0,0,0,0,0,0,0.5880881742139523,0,1,1,0,0,0,1,0,1,0.38430544497444274,0.40922388489505623,0.7874938700473243,0.6987553430469557,0.0,0.41627167805612664,0.9618410010244196,0,3.438,107,0.322,0.136,0.862,0.853,0.622
white,rich,0.6436334233064134,0,1,1,0,0,0,0,0,0.7991331528346596,0,1,1,1,0,0,1,1,0,0.48446957435697646,0.33572752160149316,0.7689594362698833,0.566759010677666,0.0,0.8746590178094704,1.0,4,4.626,300,0.408,0.126,0.786,0.719,0.308
white,crisp,0.17075789112932105,1,0,0,0,0,0,0,0,0.5453454809806938,1,0,0,0,0,0,0,0,0,0.13430316952763918,0.8140816960087693,0.0,0.47040276011110166,0.0,0.4657673524335184,0.46929857874412106,2,1.253,175,0.67,-0.656,0.636,0.613,0.441
white,crisp,0.19411194971052628,1,1,0,0,0,0,0,0,0.6462836033263674,1,1,0,0,0,0,0,0,0,0.1941088054165172,0.7677725207666422,0.0,0.3499442346299187,0.0,0.2644289732853103,0.4443424396131673,1,1.315,300,0.555,-0.69,0.616,0.643,0.439
white,rich,0.6470148909500397,0,0,1,1,0,0,0,0,0.7897789324821731,0,1,0,0,0,0,1,0,0,0.2517800001147093,0.447410950584349,0.5998951996416528,0.866083419990503,0.0,0.8755229425000053,0.8841527666524657,0,3.677,191,0.573,-0.107,0.815,0.611,0.16
white,crisp,0.1288270140782919,1,0,0,0,0,0,0,0,0.580516820961133,1,0,0,0,0,0,0,1,0,0.038259686558303176,0.9199076475957193,0.340442536364419,0.38314415418502623,0.0,0.4197406702957446,0.5608295495074634,1,2.506,86,0.688,-0.777,0.619,0.603,0.444
red,bold_red,0.618091852368086,0,0,0,0,0,1,1,1,0.7351309986450516,0,0,0,0,1,1,0,1,0,0.3911511992288551,0.45363856162640953,0.5695850037454566,0.8136175278986566,0.6778304448875234,0.7829045766996782,1.0,4,4.104,299,0.582,0.31,0.452,0.027,0.096
red,earthy,0.7370588370931235,0,0,0,0,0,0,0,1,0.5920666687948969,0,0,0,0,1,0,1,0,0,0.5295296008396594,0.5695990358528016,0.5971486449323526,0.5019628566832195,0.7855365668432577,0.7209166965227515,0.6204404285518595,0,4.545,108,0.431,0.392,0.539,0.073,0.127
white,oxidative,0.6234805834959463,0,0,0,1,0,0,0,0,0.6302193994176503,0,0,0,0,0,0,0,1,1,0.647916114881915,0.406588364518241,0.3852895997981154,0.7355062483444663,0.0,0.6294990409189105,0.7818065066128191,1,3.168,300,0.302,-0.029,0.765,0.579,0.202
red,fruity,0.336828018283561,0,0,0,0,0,1,0,0,0.8130912411038443,0,0,0,0,1,1,1,0,0,0.22630727337550022,0.5677694995256698,0.39977640162427813,0.4601351634116563,0.43402447985162085,0.11219685497025372,0.5678438608974371,0,2.651,179,0.64,-0.049,0.364,0.0,0.279
red,bold_red,0.8424774149696561,0,0,0,0,0,0,0,1,0.9219785839363024,0,0,0,0,1,1,1,0,0,0.25457387541160764,0.6842899169466179,0.9166825348779438,0.763807049661264,1.0,0.6532910473770962,0.6015513706235119,4,5.0,268,0.769,0.369,0.593,0.076,0.147
red,bold_red,0.6906215394105165,0,0,0,0,0,1,0,0,0.8692905086562308,0,0,0,0,1,1,1,1,1,0.47052572431102496,0.3829973648319971,0.6555075627750715,0.6792968707664385,0.6869092479007632,0.9040973529141849,0.7831870629986029,3,4.882,300,0.565,0.425,0.429,0.019,0.399
red,aged,0.3196280592422848,0,0,0,0,1,0,0,0,0.592326286968108,0,0,0,0,1,1,0,0,1,0.9557080333332414,0.6559434013283773,0.7411265517445903,0.777263134331144,0.4692406855528075,0.8550464711817427,0.6742782735416217,2,4.66,207,0.281,0.449,0.344,0.126,0.054
white,rich,0.4122287572408799,0,0,1,0,0,0,0,0,0.9337412508107378,0,0,1,0,0,0,1,1,0,0.4241744359271894,0.2404387240453122,0.963304906412518,0.6356166413335674,0.0,0.6686500388766543,0.5299481834385296,1,4.157,151,0.5,0.153,0.689,0.638,0.31
white,aromatic,0.35625423712103466,0,0,0,0,0,0,0,0,0.9127626119738217,1,1,1,0,0,0,0,0,0,0.25369931232047227,0.35664168574476396,0.3575747657096562,0.4178955578210688,0.0,0.36760109354032056,0.5721197160540198,0,2.387,85,0.575,-0.185,0.715,0.68,0.573
red,bold_red,0.6140259796074875,0,0,0,0,0,1,1,0,0.8238231758418549,0,0,0,0,0,1,1,0,0,0.31698400993913367,0.36619281115619373,0.7978020967817014,1.0,0.8882717680286495,0.8191648096012321,0.872637871580347,3,5.0,201,0.554,0.496,0.646,0.045,0.11
red,light_red,0.27857557692744145,0,0,0,0,0,0,0,0,0.23000693653735782,0,0,0,0,1,0,0,0,0,0.058281154375128714,0.746258079521975,0.15849657165895206,0.5433238761141337,0.34602291247508293,0.5398237732875022,0.27485769629044865,2,2.501,10,0.499,-0.393,0.276,0.002,0.267
red,aged,0.4521126788535387,0,0,0,0,1,0,0,0,0.5597041542665397,0,0,0,0,0,0,1,0,1,0.7337925780688968,0.47022589434369283,0.9009425874424168,0.7432632679850928,0.41071497763409026,1.0,0.6840875975338732,2,5.0,196,0.229,0.548,0.37,0.138,0.091
white,sweet,0.5730684609851038,0,1,1,0,0,0,0,0,0.9092567111770595,0,1,1,1,0,0,0,0,0,0.4345373844846431,0.6968291928628526,0.7398104442597079,0.6699178603221023,0.0,0.8088333751879996,0.6537653068385872,3,4.18,300,0.669,-0.166,0.733,0.711,0.271
white,crisp,0.1567642251775636,0,1,0,0,0,0,0,0,0.5663981697918494,0,1,0,0,0,0,0,0,0,0.27284327173424383,0.8391973414563094,0.15711501581088708,0.6072946991403227,0.0,0.20339163395446677,0.3768482682637959,0,1.921,300,0.627,-0.718,0.588,0.689,0.431
white,aromatic,0.11467328115623916,1,0,0,0,0,0,0,0,0.7268894930283407,0,1,1,1,0,0,0,1,0,0.08855332538949479,0.6659702716769711,0.5861996759988914,0.5806442342369795,0.0,0.5658337111020906,0.7151960973276155,0,3.276,249,0.655,-0.515,0.631,0.551,0.484
red,bold_red,0.6769372625900085,0,0,0,0,0,1,0,0,0.8279791405918895,0,0,0,0,1,1,1,0,0,0.15648711148556083,0.48070263572154037,0.7920809156106738,0.7501146527838932,0.8738050156554578,0.8067480278726542,0.7689953576770768,3,5.0,300,0.574,0.363,0.396,0.006,0.362
white,sweet,0.594361845278401,0,1,0,0,0,0,0,0,0.7645620600292437,0,0,1,1,0,0,0,1,0,0.5187779690360685,0.6729712207794146,0.6469085067532369,0.8874038836522173,0.0,0.6599566973438741,0.7745622975710417,0,3.819,130,0.542,-0.182,0.824,0.764,0.519
white,crisp,0.2992422671549957,1,1,0,0,0,0,0,0,0.33609779631027065,0,0,0,0,0,0,0,0,0,0.010623946173795668,0.6633987955747047,0.3075929878849108,0.3518983534354305,0.0,0.383417292121631,0.5522029388878252,1,2.009,142,0.57,-0.686,0.709,0.701,0.4
red,light_red,0.418042468206017,0,0,0,0,0,0,1,1,0.3185088225661179,0,0,0,0,0,0,0,0,0,0.007713650400343371,0.5439525492115946,0.24630108351207197,0.3667058852031504,0.23034339477448626,0.5333774055447063,0.4345460456664416,0,2.884,118,0.447,-0.325,0.518,0.022,0.076
red,light_red,0.39321510587261876,0,0,0,0,0,0,1,1,0.5448538781480108,0,0,0,0,0,0,0,0,0,0.28486359881102835,0.881740353016279,0.20471110455598507,0.3883269000932211,0.1996440630640717,0.3710128401321296,0.5656653968684063,0,1.706,117,0.572,-0.443,0.446,0.0,0.067
white,rich,0.8076602520555913,0,1,1,0,0,0,0,0,0.5736665958936054,0,0,1,0,0,0,1,0,1,0.4808858134850306,0.3222512216837393,0.8042143978331563,0.5361648748059521,0.0,0.6865919969430867,0.7999859588800561,0,3.864,10,0.421,0.161,0.835,0.772,0.294
red,light_red,0.36966850859166045,0,0,0,0,0,0,1,0,0.45914929259665765,0,0,0,0,1,1,0,0,0,0.37497207443098773,0.6315902584017077,0.07950213003330432,0.08271379677156075,0.3630532817990311,0.2607340106620911,0.27496508980611467,0,1.609,86,0.538,-0.342,0.582,0.017,0.102
red,fruity,0.4069180328306018,0,0,0,0,0,1,1,0,0.8896666219756832,0,0,0,0,1,1,0,0,1,0.1472661070983605,0.35584163318862033,0.5354843152417078,0.6133656778022604,0.5906539384876472,0.3184036620248214,0.6173868282681443,1,3.451,76,0.588,0.036,0.556,0.04,0.091
white,crisp,0.007779220147232469,1,0,0,0,0,0,0,0,0.4831780923480249,1,1,0,0,0,0,0,0,0,0.0693341306276037,0.8088766643344625,0.2021510142733936,0.5834701217627655,0.0,0.4610894711694154,0.23127363295497594,0,2.134,48,0.547,-0.775,0.577,0.567,0.417
red,light_red,0.3264745581906059,0,0,0,0,0,0,1,0,0.5415862136959473,0,0,0,0,1,0,0,0,0,0.08761499521887599,0.40847556120850154,0.12717336018170455,0.32643697836953134,0.31435152985620685,0.37640162687164336,0.3429411268579456,0,2.056,41,0.475,-0.263,0.532,0.061,0.093
white,rich,0.6924784441746501,0,0,1,0,0,0,0,0,0.8761174348458758,0,0,0,1,0,0,1,1,0,0.33528734014993755,0.41058201990064197,0.6284254696266047,0.7627847514951925,0.0,0.6534902540965134,0.702020572443349,0,3.557,211,0.53,-0.073,0.755,0.692,0.268
white,rich,0.7846626004596676,0,0,0,0,0,0,0,0,0.5994382052861119,1,0,1,0,0,0,1,1,1,0.5664166001965246,0.360305972099093,0.8067963954260172,0.5910342780579986,0.0,0.7188326428392344,1.0,1,4.244,300,0.356,0.171,0.853,0.839,0.7
white,aromatic,0.12633193734526152,0,0,0,0,0,0,0,0,0.7320810522768242,0,1,1,1,0,0,0,0,0,0.18900541099284793,0.6645082280150013,0.39540973435268906,0.8224708987747874,0.0,0.5394431611545243,0.9064231324059215,0,2.704,199,0.618,-0.427,0.626,0.593,0.488
red,earthy,0.3756174095459154,0,0,0,0,1,0,0,0,0.5304070741166529,0,0,0,0,1,0,0,0,1,0.6322014314600176,0.6307420346867082,0.6504901274511374,0.6270400471023229,0.6953241415828553,0.5927153288020152,0.6623073508526928,4,4.187,237,0.359,0.411,0.256,0.091,0.032
red,fruity,0.38865892584702366,0,0,0,0,0,1,1,0,0.5408442367058139,0,0,0,0,1,0,1,0,0,0.33845986132977823,0.5299460069641172,0.6890641354636116,0.39883809906527445,0.370434459502999,0.4102986103153003,0.5144308515525541,0,3.973,125,0.407,0.193,0.607,0.04,0.109
red,fruity,0.3369383355781729,0,0,0,0,0,0,1,0,0.8879526112394261,0,0,0,0,1,1,0,1,0,0.0,0.5510595119117057,0.31945199677241276,0.6227364152809346,0.26311469079703487,0.5826620616817473,0.7148569927110792,1,2.88,149,0.699,-0.264,0.538,0.091,0.119
red,light_red,0.11789607333734402,0,0,0,0,0,0,1,0,0.23392014628878616,0,0,0,0,1,0,0,0,0,0.3553944095178781,0.7674714749092097,0.15299885057631774,0.44841185613300344,0.1238281838419235,0.08598568999677289,0.4328690365041198,1,1.738,10,0.388,-0.268,0.502,0.087,0.1
white,crisp,0.012261000882322426,1,0,0,0,0,0,0,0,0.6785257036392229,1,1,0,0,0,0,0,1,0,0.24619432043129513,0.7670148136408501,0.49183563226999566,0.4296445631611447,0.0,0.3615011410437947,0.6619559623909186,1,2.521,90,0.669,-0.417,0.582,0.558,0.434
white,crisp,0.33498900784750985,1,1,0,0,0,0,0,0,0.3979195578721875,1,1,0,0,0,0,0,1,0,0.305331715657079,0.6635479447661836,0.1725841061316245,0.2828978137288808,0.0,0.37312378641598604,0.27482575637732015,0,1.939,172,0.577,-0.491,0.665,0.726,0.466
red,bold_red,0.9800722843272167,0,0,0,0,0,0,1,0,0.7962838285349079,0,0,0,0,1,0,1,0,1,0.5119187315348787,0.5174253279059494,0.5743398252901069,0.9542125145626422,1.0,0.5931908602901605,0.9480249246109085,1,4.026,215,0.426,0.546,0.704,0.04,0.148
white,crisp,0.2704782985426157,0,0,0,0,0,0,0,0,0.5457763297389621,1,0,0,0,0,0,0,1,0,0.36198930805541146,0.6028944114745849,0.4674997507766523,0.11780759379291872,0.0,0.47214133475558423,0.35884758112229903,0,2.558,97,0.465,-0.308,0.654,0.648,0.556
white,oxidative,0.7962840913824134,0,0,0,1,0,0,0,0,0.7986849666929279,0,1,0,0,0,0,1,0,0,0.796710563364993,0.3336826214883468,0.4553787231885701,0.8274668252656092,0.0,0.6036179262479868,0.5363802938328348,0,3.329,220,0.352,0.207,0.846,0.643,0.115
red,earthy,0.41728544093368397,0,0,0,0,1,0,0,1,0.5594521182412018,0,0,0,0,0,1,1,1,1,0.6903126927561289,0.6192772979140195,0.613530338293937,0.8174142351220608,0.5707882127746369,0.7396725158182563,0.6126398947150072,3,3.919,272,0.356,0.32,0.311,0.126,0.135
white,crisp,0.34229490356231457,1,0,0,0,0,0,0,0,0.5078159248137601,1,1,0,1,0,0,0,0,0,0.37903398650966075,1.0,0.31939082392154305,0.325930566508796,0.0,0.4481847639408555,0.2024560298941325,1,2.015,21,0.625,-0.51,0.689,0.689,0.552
white,crisp,0.39876368743574214,1,0,0,0,0,0,0,0,0.5395987537161434,0,1,0,0,0,0,0,0,0,0.24560422217983235,1.0,0.2032737817689074,0.261793174083237,0.0,0.37552632752150866,0.6150226491540597,1,2.006,28,0.682,-0.776,0.753,0.779,0.577
white,crisp,0.25568073175598394,1,0,0,0,0,0,0,0,0.5262330303522786,1,1,0,0,0,0,0,1,0,0.29759617908897484,1.0,0.21582608719825394,0.3557375711303878,0.0,0.4613619785362289,0.49393607996105476,1,2.29,202,0.681,-0.664,0.674,0.673,0.551
red,light_red,0.3655231543697991,0,0,0,0,0,0,0,0,0.3805562558146555,0,0,0,0,1,1,0,0,0,0.22508104859008995,0.6612923470561656,0.26904493089161574,0.08081601178881162,0.048761303512257215,0.3968573145388232,0.22208620920407757,0,2.301,10,0.444,-0.415,0.353,0.012,0.252
white,aromatic,0.35985315961888587,0,0,0,0,0,0,0,0,0.5278802225939332,1,0,1,0,0,0,0,0,0,0.1921725163758807,0.6470604653487461,0.2437363404630397,0.3228391884061199,0.0,0.8147812269606205,0.8636944079749669,0,2.974,168,0.547,-0.426,0.753,0.678,0.54
red,earthy,0.3568606722786456,0,0,0,0,0,0,0,0,0.38708644692951955,0,0,0,0,1,1,1,0,0,0.7950274675585902,0.6014164280128331,0.6121651468845346,0.5475943963284853,0.5175668216195181,0.7344252636848829,0.7204762638062203,0,4.065,109,0.359,0.369,0.345,0.039,0.279
red,light_red,0.3260874918747064,0,0,0,0,0,0,1,1,0.33704070071756687,0,0,0,0,1,0,0,0,0,0.2284571874569985,0.5680252885936712,0.3394653635655326,0.3000955310996604,0.36267834838837604,0.3502886827360587,0.09305718943515756,0,2.369,10,0.362,-0.117,0.432,0.042,0.125
white,oxidative,0.8888587445362753,0,0,1,1,0,0,0,0,0.7466894549727352,0,0,1,0,0,0,0,1,1,0.8840832296526449,0.4675062563775798,0.6834000346647552,0.6740364123462638,0.0,0.5830180328408449,0.7994719350650467,0,3.413,161,0.258,0.3,0.901,0.628,0.181
white,crisp,0.24730155373515716,1,0,0,0,0,0,0,0,0.3448926783113192,1,1,0,0,0,0,0,0,1,0.21037713011616266,0.8096913362494663,0.3385734205891805,0.38115021284167455,0.0,0.31812971459769956,0.5176298047603323,1,2.538,258,0.492,-0.59,0.672,0.664,0.552
white,rich,0.6419614578659372,0,0,0,0,0,0,0,0,0.8922168029901777,1,1,1,0,0,0,1,0,0,0.35920891711424546,0.29195053956809996,1.0,0.8713078020965983,0.0,0.8260434080203868,0.9332558267681569,0,4.539,90,0.454,0.178,0.838,0.809,0.643
white,crisp,0.34924353710569106,0,0,0,0,0,0,0,0,0.45966533784707997,1,1,0,0,0,0,0,1,0,0.0,0.7233148126158099,0.29320790606298874,0.5388310001114944,0.0,0.5252907661612278,0.483130888969458,0,2.56,201,0.58,-0.752,0.711,0.71,0.522
white,oxidative,0.5258343608289806,0,0,0,0,0,0,0,0,0.5822304279299282,0,0,1,0,0,0,1,0,1,1.0,0.3834947124736148,0.8117172229608227,0.7342781411647834,0.0,0.5638719294219406,0.6226930959211451,1,3.572,257,0.174,0.404,0.788,0.75,0.601
red,bold_red,0.7008569042658609,0,0,0,0,0,1,0,0,0.866098806126896,0,0,0,0,1,1,0,0,0,0.5517022550106968,0.711607600459771,0.8959623496428101,0.5607898451610936,0.5261035310916556,0.4415423522267772,0.7645368000528712,0,4.431,27,0.589,0.331,0.369,0.062,0.331
red,bold_red,0.8710452702170446,0,0,0,0,0,1,0,0,1.0,0,0,0,0,0,1,1,0,0,0.3854274781441859,0.6535020882589144,1.0,0.9930145714084813,0.7803910001109593,0.6427729955857565,0.9494996067501273,2,4.82,159,0.784,0.471,0.442,0.015,0.372
red,earthy,0.39909602186984816,0,0,0,0,1,0,0,1,0.7242254131572333,0,0,0,0,0,0,0,0,0,0.39601208516102193,0.7475952834895292,0.5242560019160551,0.6813518401859572,0.7112837616754975,0.9382608137970972,0.5088181417090015,4,4.345,244,0.613,0.104,0.344,0.079,0.079
red,aged,0.5932556445417769,0,0,0,0,1,0,0,0,0.5706673824360269,0,0,0,0,0,1,1,1,1,0.9092238200693809,0.4884361759636949,0.6563524578804396,1.0,0.6463919414794179,0.7425547689701658,0.5087595262398839,4,4.191,48,0.252,0.59,0.4,0.141,0.111
red,aged,0.43935423060467127,0,0,0,0,1,0,0,0,0.4591045921825682,0,0,0,0,0,0,1,1,1,0.7493716384345622,0.48982536498130186,0.7938284382147831,0.7890663700947346,0.31089186614079717,0.6467732940986202,0.649099619170022,2,4.276,114,0.256,0.426,0.428,0.161,0.015
white,crisp,0.28991478998335446,1,0,0,0,0,0,0,0,0.36439389412785084,0,1,0,0,0,0,0,1,0,0.1766397287988275,0.7197045391483343,0.26498774281759996,0.2278056748099071,0.0,0.477748149863798,0.3182672678828455,1,2.576,194,0.405,-0.591,0.673,0.698,0.555
red,aged,0.5360543749784039,0,0,0,0,1,0,0,0,0.805316681039222,0,0,0,0,0,0,0,0,1,0.9338533623042279,0.3568331732987889,0.5893312057376996,0.7106793105164531,0.33642434433740503,0.7422935225841465,0.547022257327136,2,3.842,101,0.206,0.538,0.386,0.154,0.005
white,rich,0.5501327781265896,0,0,1,1,0,0,0,0,0.8420309275672352,1,1,0,0,0,0,1,1,0,0.40693125467292013,0.4410803139124234,0.7358637131922829,0.6812108743343565,0.0,0.6376214460391922,0.6902605825374069,0,3.759,300,0.505,0.053,0.783,0.527,0.227
red,light_red,0.36666352726576723,0,0,0,0,0,1,1,1,0.37107662923937396,0,0,0,0,1,0,0,0,0,0.08983190323390819,0.65854802190356,0.05735789130374277,0.31153047764141095,0.0,0.30728179471414563,0.37807781819411934,1,1.609,245,0.485,-0.557,0.47,0.038,0.167
white,crisp,0.04630401849852986,0,1,0,0,0,0,0,0,0.5788771268611059,1,1,0,0,0,0,0,0,0,0.10686282199829192,0.9982590894298136,0.04779250906785518,0.5316479859960432,0.0,0.4214005393349717,0.3515660927794386,0,1.755,10,0.809,-0.857,0.623,0.576,0.382
white,crisp,0.1538063254825066,1,0,0,0,0,0,0,0,0.6898849771584579,1,1,0,0,0,0,0,0,0,0.08738570313380523,0.616778395210132,0.35390497716948843,0.672814878003878,0.0,0.26566105988805494,0.5179301041584675,0,2.49,64,0.615,-0.645,0.601,0.617,0.513
red,fruity,0.6878227500892741,0,0,0,0,0,0,1,1,0.6447210953241885,0,0,0,0,1,1,0,0,0,0.08219887217241313,0.6302267280156584,0.41329130005052517,0.18046780122889125,0.5743923987087902,0.5049849975976304,0.5651163098776563,0,3.412,42,0.572,-0.167,0.504,0.033,0.097
white,rich,0.8040636341309496,0,0,1,0,0,0,0,0,0.925459828051302,0,0,1,1,0,0,0,1,0,0.5384738190698655,0.5925211993595156,0.5682331346947113,0.65503282575827,0.0,0.678666785628671,0.6290069277027149,0,3.577,103,0.653,-0.093,0.815,0.703,0.277
white,sweet,0.6064463731182345,0,0,1,0,0,0,0,0,0.3959559359970365,1,1,1,0,0,0,0,1,0,0.4796603795187679,0.5049444253128338,0.6524391273108443,0.7542298017571614,0.0,0.5203165307843196,0.6787597869180253,1,3.373,248,0.321,-0.115,0.783,0.735,0.281
white,crisp,0.1014451083438833,0,1,0,0,0,0,0,0,0.491316767392939,1,1,0,0,0,0,0,0,0,0.06565687501675374,0.7072419492297591,0.1084926358920081,0.502553872749226,0.0,0.35802155546584585,0.6358582383772595,1,1.646,10,0.584,-0.76,0.581,0.661,0.42
white,sweet,0.32502593688778064,0,0,1,1,0,0,0,0,0.6491826546100457,0,0,1,1,0,0,0,1,0,0.42931499785111055,0.5642940315466635,0.45594090265706755,0.9196112112105219,0.0,0.609606371133651,0.9366069939979837,0,3.217,142,0.518,-0.149,0.676,0.439,0.131
white,sweet,0.34729535698885616,0,0,0,0,0,0,0,0,0.5941907637708863,1,1,1,1,0,0,0,1,0,0.523891725844132,0.6746336399319344,0.5857389219015225,0.8311972883005246,0.0,0.5786296883832797,0.6653740805768792,0,3.397,240,0.531,-0.193,0.697,0.693,0.567
red,earthy,0.5332330758702922,0,0,0,0,0,0,0,1,0.625702305231105,0,0,0,0,0,0,0,0,1,0.5687688102284106,0.45963200460401094,0.5020050798577371,0.468490117107436,0.7297537114763366,0.6523523124797256,0.527897427550747,2,4.144,288,0.467,0.322,0.49,0.027,0.038
white,rich,0.733738653326219,0,0,1,0,0,0,0,0,0.6546415344809623,0,0,1,1,0,0,1,0,1,0.4798125099210848,0.6802624820075289,0.6406984097769243,0.8615865478113239,0.0,0.46306705324782504,0.7812416205966948,0,3.129,10,0.511,-0.141,0.847,0.779,0.374
red,fruity,0.40128299265694295,0,0,0,0,0,1,1,1,0.5806467633065124,0,0,0,0,0,0,0,1,0,0.16254911560892504,0.4753975589445259,0.5237701990138255,0.4095352302235405,0.33648128405884387,0.40415517234849035,0.4883423246913789,1,3.188,57,0.48,-0.017,0.412,0.077,0.0
white,crisp,0.043705684123848565,0,0,0,0,0,0,0,0,0.5856187529409758,1,1,0,1,0,0,0,0,0,0.30312576320354423,0.8442161323066214,0.08371996382267405,0.4502268900577697,0.0,0.48039004651940603,0.26025308271568115,1,2.101,204,0.65,-0.685,0.6,0.611,0.486
white,rich,0.7764541659815498,0,0,1,0,0,0,0,0,0.6119024269920547,0,0,1,1,0,0,1,0,1,0.6987737993443175,0.5820787310273878,0.4903039686925552,0.8243493736678111,0.0,0.6476289277105024,0.8392346433052019,2,3.393,300,0.408,-0.029,0.806,0.729,0.311
white,oxidative,0.5904884763547449,0,0,0,1,1,0,0,0,0.8664983622972465,0,0,0,1,0,0,1,0,1,0.6859412012391424,0.2764004263736919,0.9156487285698752,0.6876615678382761,0.0,0.532161892637429,0.6070267944602638,2,4.002,57,0.29,0.29,0.805,0.588,0.173
white,crisp,0.024882036610276395,0,1,0,0,0,0,0,0,0.5401563053200532,1,1,1,0,0,0,0,0,0,0.07099635656873378,0.5881222895586934,0.27452637055734513,0.04444479598289905,0.0,0.1782302861405944,0.3958590933792971,0,1.698,10,0.546,-0.56,0.609,0.588,0.368
white,crisp,0.12600420287336986,1,1,0,0,0,0,0,0,0.5749455801326051,1,1,0,0,0,0,0,0,0,0.0961212711438952,0.5034070349088474,0.3163562014096708,0.1501017551025104,0.0,0.3570863421831695,0.4292843143169592,1,2.39,61,0.495,-0.466,0.606,0.604,0.432
white,crisp,0.29176617949061623,1,1,0,0,0,0,0,0,0.6841505163535759,1,1,0,0,0,0,0,0,0,0.20229905466765383,1.0,0.31225461221505774,0.5779313323386029,0.0,0.24808039510953236,0.2884951796932931,1,2.296,187,0.677,-0.668,0.67,0.704,0.471
white,crisp,0.2372058001442391,1,1,0,0,0,0,0,0,0.40618090177006083,1,1,1,0,0,0,0,0,0,0.03656896194943033,0.7478635544024234,0.1902778599281039,0.2637878146122478,0.0,0.5669255003041827,0.7305710577015967,2,2.16,135,0.58,-0.702,0.7,0.691,0.42
white,crisp,0.07616539840996409,0,1,0,0,0,0,0,0,0.5564538711108923,1,1,0,0,0,0,0,1,0,0.1859995674148791,0.7376080623149114,0.21568988507000353,0.3284656071119079,0.0,0.4182253335287895,0.49994400100342984,0,2.155,164,0.586,-0.641,0.62,0.644,0.432
red,light_red,0.1902090214590315,0,0,0,0,0,0,1,0,0.2503471447909244,0,0,0,0,0,0,0,0,0,0.11534998317125844,0.5504020226753747,0.031104520206998353,0.21025975360163646,0.2030486134689141,0.46272718980702937,0.29761517026485995,0,1.95,71,0.374,-0.332,0.503,0.056,0.097
red,light_red,0.4045688416722847,0,0,0,0,0,1,1,1,0.48999227114996147,0,0,0,0,1,0,0,0,0,0.22106758358528728,0.638081886879326,0.0,0.3383712820777927,0.11264221483513967,0.29988252846737606,0.39904959252198197,1,1.699,137,0.584,-0.38,0.439,0.053,0.1
red,earthy,0.6588610019229859,0,0,0,0,0,0,0,1,0.6345736730362481,0,0,0,0,0,0,1,1,1,0.4009443285139148,0.6077622756780208,0.8170013828782237,0.5646451285188626,0.5348590559688761,0.6579299949607622,0.34130303140688945,0,4.733,205,0.468,0.284,0.504,0.0,0.117
white,rich,0.6950332354514428,0,0,1,0,0,0,0,0,0.5937331488924673,0,1,1,1,0,0,0,1,0,0.449129292790699,0.548646039041107,0.6308293810175367,0.8256442027019251,0.0,0.9080558934647315,0.6951813227628566,4,4.351,29,0.437,-0.03,0.794,0.698,0.329
white,oxidative,0.6967776680531578,0,0,1,0,0,0,0,0,0.703047515473996,0,0,0,0,0,0,0,1,1,0.5615345385632317,0.2782736727732589,0.654153621729701,0.6798565414011924,0.0,0.4324142528997288,0.5711087780009112,0,3.193,121,0.447,0.192,0.811,0.73,0.32
white,rich,0.5164565837640358,0,0,1,0,0,0,0,0,0.8755206387841264,0,0,1,0,0,0,0,1,1,0.605801805467308,0.6366708451990776,0.8413808924740818,0.9243542178721111,0.0,0.5690203957388528,0.7618132802870494,1,4.193,223,0.498,0.07,0.8,0.7,0.264
red,earthy,0.495663279273553,0,0,0,0,1,0,0,0,0.5280788423185208,0,0,0,0,1,0,0,0,1,0.896635078112329,0.6806541939132611,0.7006469548742944,0.5193030688256262,0.6638306275251625,0.7968652216220843,0.613477277447156,3,4.626,194,0.346,0.507,0.379,0.162,0.074
white,rich,0.6948281715359521,0,0,1,1,0,0,0,0,0.6180885328132386,0,0,1,1,0,0,1,1,1,0.3540592743945452,0.37935788591124364,0.8170533825182511,0.8701632037372792,0.0,0.8607295433167067,0.7375684573154828,3,3.89,253,0.378,0.044,0.743,0.579,0.182
red,earthy,0.42550339117364155,0,0,0,0,1,0,1,1,0.4008858719391857,0,0,0,0,0,1,1,1,1,0.3958780813449328,0.6553567722133272,0.5971372647463101,0.4231623755856633,0.48789675743012406,0.8255569362942418,0.6218408728021249,4,4.184,10,0.325,0.074,0.362,0.096,0.031
red,light_red,0.30014630992521185,0,0,0,0,0,1,1,1,0.34923345343898865,0,0,0,0,1,0,0,0,0,0.1400055328474988,0.655118929238586,0.13824506236154632,0.41888014113480704,0.32878138030774934,0.5925758022652858,0.2505723690699201,1,2.524,241,0.504,-0.332,0.405,0.007,0.094
red,bold_red,0.6546780297956145,0,0,0,0,0,0,0,0,0.8228998275677701,0,0,0,0,1,1,1,0,1,0.32818465146770515,0.5799532281458258,0.8823345410950821,0.8425549327039981,0.6805960265352218,0.7801930441047734,0.6538610345822972,3,4.98,300,0.615,0.34,0.401,0.0,0.407
red,fruity,0.3072798368604211,0,0,0,0,0,0,0,1,0.5127041413555355,0,0,0,0,1,0,0,1,0,0.22714615930268345,0.7154373709697424,0.5534340270327354,0.41486941475544187,0.46744555177915226,0.5100738521784597,0.30630033235535525,2,3.461,105,0.562,-0.086,0.438,0.053,0.116
red,aged,0.38843786970877214,0,0,0,0,1,0,0,1,0.6919193158521978,0,0,0,0,1,0,1,0,1,0.6403285332312095,0.5051671870992803,0.6007027200303593,0.6170877655663416,0.30936805138392287,0.9875831690107639,0.9605499615681584,2,4.298,300,0.256,0.22,0.36,0.091,0.077
red,fruity,0.47572130893119874,0,0,0,0,0,0,1,0,0.7445129855165693,0,0,0,0,1,0,0,1,0,0.2947177509809867,0.529360211821803,0.5446230322896941,0.5273091233452861,0.4833733118513803,0.43132266790567036,0.7010350935503471,1,3.743,287,0.508,0.02,0.608,0.059,0.131
white,aromatic,0.3647441248860023,1,0,0,0,0,0,0,0,0.7735302536650668,0,1,0,0,0,0,0,0,0,0.10905148497937953,0.5614633371697735,0.5870971738176547,0.5349647826888437,0.0,0.42416086213607007,0.5946857806703547,0,3.351,300,0.653,-0.365,0.698,0.706,0.594
red,fruity,0.5229698978680568,0,0,0,0,0,1,0,1,0.8359676331061455,0,0,0,0,1,1,0,0,0,0.14317226249726,0.4385415008015146,0.524863031572307,0.44218983819601276,0.4187587224946313,0.46477145368241296,0.7467549594400864,0,3.321,300,0.63,-0.014,0.486,0.029,0.103
red,bold_red,0.7919085431129511,0,0,0,0,0,0,1,1,0.9425668553809289,0,0,0,0,0,1,1,1,0,0.6619794817179463,0.5348243420706014,0.8230200747185386,0.9521852211914217,0.7728737000859631,0.6082330382699883,0.7845743827640995,2,4.772,274,0.522,0.49,0.52,0.025,0.097
red,light_red,0.38205019686692165,0,0,0,0,0,0,1,0,0.14169484964318382,0,0,0,0,1,0,0,0,0,0.28785713504027555,0.7774974936807441,0.2761137182815979,0.4328461708987804,0.11594933160853192,0.4179420957979103,0.5050358588900183,1,2.507,115,0.346,-0.238,0.566,0.014,0.079
red,bold_red,0.9448336343360926,0,0,0,0,0,0,1,1,1.0,0,0,0,0,0,1,1,0,0,0.5089945127146784,0.39705332569905744,0.7449615800057465,0.6677487218116361,0.7793313286955238,0.7957740625999544,0.8868728521783391,4,4.796,196,0.558,0.423,0.555,0.038,0.134
white,aromatic,0.3891138402486085,1,0,0,0,0,0,0,0,0.707073251688629,0,1,0,0,0,0,0,0,0,0.09864411082916029,0.6423711847584176,0.42996527763672754,0.656199601168493,0.0,0.722562132018534,0.7716199911485434,0,3.059,190,0.66,-0.489,0.669,0.727,0.55
white,aromatic,0.27854745860503427,0,0,0,0,0,0,0,0,0.5146877747398996,1,1,1,1,0,0,0,0,0,0.30584954298787287,0.2833947565856745,0.44896634526263546,0.4346836228531183,0.0,0.46043032349416485,0.5625254489224886,0,2.837,196,0.267,-0.154,0.658,0.673,0.533
white,aromatic,0.2280198404122447,0,1,1,0,0,0,0,0,0.940469553584622,0,0,0,1,0,0,0,0,0,0.2383526482853965,0.7508793971392445,0.2867500819606185,0.5791114713014016,0.0,0.5224392636283819,0.789041897359919,1,2.436,293,0.799,-0.538,0.638,0.524,0.23
red,aged,0.6359420334896069,0,0,0,0,0,0,0,0,0.609411174534614,0,0,0,0,0,1,0,1,1,0.7000075609951997,0.4077020443239474,0.7861999151534961,0.9046489269978627,0.3774059834315664,0.7852239544740607,0.6402725483199633,2,4.839,171,0.291,0.495,0.408,0.008,0.342
white,crisp,0.3480099702080663,0,1,0,0,0,0,0,0,0.5304181243907862,1,0,1,0,0,0,0,0,0,0.06566906867736713,0.924332652419079,0.24862016968279255,0.4640265561200022,0.0,0.18253915580361302,0.41330671090191345,0,1.837,126,0.664,-0.857,0.766,0.761,0.449
red,bold_red,0.9479718249587974,0,0,0,0,0,1,0,0,0.962037945978151,0,0,0,0,0,1,1,0,1,0.591194660288024,0.44588237990920243,0.7791636044345921,0.8524816924167943,0.5992114351731354,0.8002390841836424,0.9039561681131821,1,4.754,300,0.572,0.445,0.392,0.0,0.396
white,oxidative,0.896095597400838,0,0,0,0,0,0,0,0,0.6557501466979538,0,0,0,1,0,0,0,0,1,0.72140484142354,0.2591406679828006,0.6837815550851352,0.7613713075293461,0.0,0.5221501253452182,0.5810540471536636,1,3.341,167,0.269,0.248,0.911,0.846,0.745
white,sweet,0.5011133767386722,1,0,1,0,0,0,0,0,0.6344650249066914,1,0,0,1,0,0,0,1,0,0.44762899432874725,0.5686425351147035,0.6986994336724932,0.7581088898950114,0.0,0.5287342776353842,0.8699959716457885,0,3.451,238,0.458,0.028,0.738,0.57,0.283
red,bold_red,0.9230222203997204,0,0,0,0,0,1,1,0,0.7945211100775879,0,0,0,0,0,1,1,0,0,0.48024368712339893,0.5199777830460713,0.6009637115676654,0.6340322051506939,0.7892074525976183,0.5982700405226441,0.9852029426199412,3,4.176,262,0.529,0.309,0.691,0.035,0.191
red,aged,0.33223409972668305,0,0,0,0,1,0,0,0,0.6778058555373325,0,0,0,0,0,0,1,0,1,0.58525522546443,0.5286962729072252,0.50221301109134,0.7800174789061941,0.47188519821334984,0.6516441977491829,0.7083252910162233,2,3.428,300,0.461,0.237,0.342,0.152,0.032
white,rich,0.6114619174151179,0,0,1,0,0,0,0,0,0.808518816687415,0,1,1,1,0,0,0,1,1,0.47557581535139265,0.38120100638472465,0.9194578187798088,0.5959542051505746,0.0,0.7392503181178638,0.7950398333449643,4,4.582,79,0.529,0.17,0.759,0.686,0.32
red,fruity,0.6007305553705014,0,0,0,0,0,1,0,0,0.9039832910772854,0,0,0,0,1,0,0,0,0,0.16360525460765668,0.4787605998590656,0.275899505045659,0.549184892094428,0.3325084236827211,0.35894695935770715,0.7277358658392453,0,2.772,175,0.555,-0.193,0.37,0.01,0.355
red,fruity,0.539171770727932,0,0,0,0,0,1,0,0,0.9483322606283122,0,0,0,0,1,0,0,0,0,0.3314597486585573,0.6916877770306952,0.6435310313398307,0.5529451145805655,0.3646456217223074,0.2925185792982422,0.7829562174020298,1,3.6,281,0.754,-0.01,0.343,0.0,0.347
red,aged,0.5979510937541302,0,0,0,0,1,0,0,0,0.4279343121789103,0,0,0,0,0,1,0,0,1,1.0,0.5256143948206109,0.8726065773682616,0.6925640911660291,0.5670249116442275,0.8585781337690153,0.6347751936547681,2,4.949,265,0.154,0.698,0.418,0.109,0.084
red,bold_red,0.7373682464522695,0,0,0,0,0,1,1,1,0.673029887996153,0,0,0,0,1,1,0,1,1,0.33864200074763545,0.5590125383198923,0.795975960663985,0.794182525367949,0.9639361687658011,0.8165156556226991,0.5738653471091496,3,5.0,179,0.47,0.379,0.519,0.064,0.115
red,light_red,0.3941265268848615,0,0,0,0,0,1,1,1,0.24278869700171224,0,0,0,0,1,0,0,0,0,0.368482148949887,0.6170100099524536,0.41865909481761443,0.574023547305373,0.12553321745521817,0.3132108139980369,0.1886679134656376,0,2.606,10,0.369,-0.166,0.5,0.017,0.075
white,aromatic,0.18407678748753856,1,0,0,0,0,0,0,0,0.9833261426687225,1,0,0,1,0,0,0,1,1,0.18343952344507028,0.8271698557531929,0.47990026212221354,0.6639047211339383,0.0,0.5481136610167151,0.6279217636626855,0,3.058,242,0.817,-0.515,0.616,0.675,0.488
red,bold_red,0.6256338350416265,0,0,0,0,0,1,0,0,1.0,0,0,0,0,1,1,1,0,0,0.5530914679345154,0.7867333492286819,0.8788995483223335,0.8064654003037661,0.7978610343181677,0.5979562780605573,0.9652123313052418,2,4.964,300,0.704,0.333,0.367,0.032,0.359
white,rich,0.574462819677553,0,1,0,0,0,0,0,0,1.0,0,0,1,0,0,0,1,1,1,0.23963488966758073,0.4694874453580729,0.7183547366831622,0.6362057650350276,0.0,0.8715568488833303,0.7436896596273936,0,3.884,288,0.621,-0.046,0.83,0.787,0.48
white,sweet,0.43356098861062153,0,0,1,0,0,0,0,0,0.8098953030291657,0,0,1,0,0,0,0,0,1,0.5657213091992468,0.6544950623278156,0.5888876184401785,0.5013598168612637,0.0,0.875454314941471,0.7561216077766041,0,3.705,300,0.588,-0.155,0.73,0.608,0.26
white,aromatic,0.361274875663125,1,0,0,0,0,0,0,0,0.7812581004710102,0,1,1,1,0,0,0,0,1,0.10416977867544759,0.6334144110347739,0.34933441147944905,0.7480240364166818,0.0,0.45093927577563414,0.6303388821671979,1,2.702,92,0.706,-0.603,0.718,0.642,0.567
white,oxidative,0.6275911143871153,0,0,0,1,0,0,0,0,0.5592177907213238,0,0,1,0,0,0,1,1,1,0.5877798687988535,0.46891842794724453,0.7536367194687058,0.8277256064301347,0.0,0.6592914068829049,0.4170666736055305,2,3.497,195,0.325,0.135,0.726,0.54,0.222
red,earthy,0.6218679893006089,0,0,0,0,0,0,0,1,0.72496710176024,0,0,0,0,0,0,0,0,1,0.5914525767744406,0.6233620758814787,0.6588081527353815,0.5794188939436176,0.5513241922225722,0.48816418406835776,0.5685827601354736,2,3.726,293,0.441,0.283,0.499,0.032,0.096
white,crisp,0.0056319290860337825,1,0,0,0,0,0,0,0,0.6324366599227988,1,0,0,0,0,0,0,1,0,0.24277454161550274,0.7404365196914744,0.27553360579707165,0.2784697226285519,0.0,0.35236056797877846,0.2649616955850661,1,2.284,10,0.666,-0.491,0.573,0.556,0.407
red,fruity,0.3998498817642333,0,0,0,0,0,0,0,0,0.7878013147960294,0,0,0,0,1,1,0,0,0,0.35964885811330827,0.5601743285192111,0.39720507556641277,0.6447057520711341,0.20247559193997144,0.4602331316598808,0.54906063686602,1,3.122,209,0.518,-0.125,0.345,0.0,0.369
white,oxidative,0.9875899879877541,0,0,0,1,0,0,0,0,0.7360937720625467,0,0,1,0,0,0,0,0,1,0.6976512754765463,0.42102183827756395,0.5613511551820557,0.4462034502044509,0.0,0.5455174518658042,0.765512236254192,0,3.434,10,0.301,0.081,0.974,0.631,0.204
red,bold_red,0.9924524782846202,0,0,0,0,0,0,0,0,0.7076177513221813,0,0,0,0,0,1,0,0,1,0.36094371151307253,0.3515221117146068,0.9470238039588657,0.8911570647477143,0.8083380016546304,0.7572483967591388,0.6756695532816213,3,5.0,18,0.318,0.45,0.456,0.015,0.4
red,earthy,0.5198716049673834,0,0,0,0,0,0,1,0,0.7936263983706543,0,0,0,0,1,0,0,1,1,0.504405317250065,0.45762009724088304,0.6639984408181824,0.7379783529890162,0.5826281179107946,0.8416159092810992,0.5156443131521313,2,4.603,146,0.41,0.312,0.653,0.024,0.131
white,crisp,0.3366118641240174,0,0,0,0,0,0,0,0,0.3157254421254292,1,1,0,0,0,0,0,0,0,0.14150013671610942,0.7099639549774679,0.3372823504545894,0.5334060559722272,0.0,0.386016526937979,0.690689432027445,0,2.679,241,0.524,-0.581,0.717,0.652,0.549
white,crisp,0.13245859566565993,0,0,0,0,0,0,0,0,0.5004147563797686,0,1,0,0,0,0,0,0,0,0.17457233859204727,0.6788521732586411,0.04089431046242645,0.4089624961909637,0.0,0.41331666536634326,0.5702844907373578,0,1.976,136,0.54,-0.69,0.579,0.63,0.488
red,bold_red,0.7647453861545807,0,0,0,0,0,0,1,1,0.7402247933730748,0,0,0,0,1,1,1,0,0,0.34751576523206024,0.6277943403403865,0.7912364570759547,0.7227535117157158,0.736058206664048,0.5962161942433263,0.6883997790447516,3,4.557,99,0.638,0.346,0.572,0.061,0.111
red,light_red,0.2549677349016631,0,0,0,0,0,1,0,1,0.3169692973507601,0,0,0,0,1,0,0,0,0,0.057611856976404016,0.6849591776312042,0.33272157540976205,0.2410443905719412,0.09770896177404152,0.4238108958634334,0.2077093167703359,1,2.826,10,0.432,-0.338,0.439,0.111,0.086
red,bold_red,0.8975461123552684,0,0,0,0,0,0,1,0,0.8625934759991778,0,0,0,0,0,1,1,1,0,0.3420844972093799,0.6688488863092094,0.8439545326444703,0.5739695623991821,0.6831139742982467,0.5567149934193726,0.784540478171867,4,4.873,300,0.737,0.276,0.753,0.053,0.164
red,aged,0.5908795425748083,0,0,0,0,0,0,0,1,0.5676131002846844,0,0,0,0,1,1,1,0,1,0.7222898164619829,0.4829479182797371,0.714655358665085,0.996446508474,0.48524367757024095,0.803774428632184,0.3472475939807086,1,4.8,10,0.33,0.467,0.51,0.017,0.137
red,earthy,0.4326356448690369,0,0,0,0,0,0,1,0,0.6341238944925811,0,0,0,0,1,1,1,0,1,0.39223938034526445,0.7629530555244406,0.7550281007312558,0.768809067986624,0.6358879753726492,0.8604088927973134,0.5237634946167388,4,4.652,239,0.535,0.187,0.573,0.057,0.116
red,bold_red,0.7321380367059968,0,0,0,0,0,0,1,1,0.9391489774138327,0,0,0,0,1,1,1,0,1,0.6546933437100615,0.4598010159390252,0.7371785087407422,0.6311819205302622,0.8647563518634676,0.7295025737760683,0.6035664777461937,2,5.0,175,0.464,0.512,0.544,0.027,0.091
white,sweet,0.4607172540437698,0,0,1,0,0,0,0,0,0.7822121541539443,0,0,1,1,0,0,1,0,1,0.34317898269980385,0.49759027633431324,0.4630762988035461,0.9547725407499461,0.0,0.573653183379101,0.8839496616724438,0,3.044,50,0.471,-0.213,0.658,0.673,0.27
white,crisp,0.2686569126184119,1,0,0,0,0,0,0,0,0.5538204193416417,1,1,0,0,0,0,0,0,0,0.3352751232644872,0.8479064651705349,0.3175088668369378,0.5007351886648073,0.0,0.5729918394202381,0.44215260745791435,0,3.002,255,0.656,-0.516,0.695,0.621,0.509
red,light_red,0.37849466143502053,0,0,0,0,0,1,1,0,0.44135580995517987,0,0,0,0,1,0,1,0,0,0.38176420328541466,0.7775118573787877,0.10075671396965291,0.3804719429080555,0.4219076092693966,0.39178078343732076,0.23752015584417538,2,2.036,221,0.478,-0.157,0.589,0.025,0.127
white,oxidative,0.7337007556249349,0,0,0,1,0,0,0,0,0.5944012721412497,0,0,0,0,0,0,1,1,1,0.914414799983784,0.43618418054754393,0.7327485437215588,0.5173805189934644,0.0,0.6401615913494901,0.7385901852637704,2,4.151,10,0.197,0.336,0.769,0.579,0.173
white,crisp,0.23814386450344163,1,0,0,0,0,0,0,0,0.4651736780119937,1,1,0,0,0,0,0,0,0,0.16588682913797728,0.8487906443767779,0.3513870830241914,0.2890986326100422,0.0,0.3337319948909144,0.42239828968877274,0,2.639,127,0.582,-0.586,0.656,0.682,0.523
red,bold_red,0.7353943434277075,0,0,0,0,0,1,1,0,0.6591403153927017,0,0,0,0,1,1,1,0,0,0.588003074038137,0.4476256273441772,0.7467209761452885,0.7803453966253964,0.6764737607101553,0.7844591955248303,0.827209373075785,3,4.745,229,0.428,0.509,0.705,0.047,0.115
white,crisp,0.06837456096833931,1,0,0,0,0,0,0,0,0.5987460958384445,1,1,0,0,0,0,0,0,0,0.0,0.9732754955107212,0.3419431688027151,0.21510246612214065,0.0,0.31549253564039265,0.49699960497167894,1,2.321,227,0.688,-0.692,0.635,0.579,0.482
red,aged,0.5117325046016965,0,0,0,0,0,0,0,1,0.6692116082633203,0,0,0,0,0,1,0,0,1,0.9145078029521043,0.3236946572068918,0.5797699980928008,0.6917407492076588,0.4160942476424447,0.7622283272264831,0.5754720325793987,1,3.964,133,0.321,0.537,0.521,0.076,0.102
red,bold_red,0.8125567172553751,0,0,0,0,0,1,1,1,1.0,0,0,0,0,0,1,1,1,1,0.5123789664530858,0.60255421296177,0.7733209560383225,0.8507468261146034,0.7795964666445159,0.6955465589921774,1.0,3,4.754,207,0.602,0.395,0.532,0.021,0.061
white,crisp,0.1885233098296485,1,1,0,0,0,0,0,0,0.3758392993590333,1,1,0,0,0,0,0,0,0,0.011469993776541735,0.566551180766573,0.23533992521575497,0.2671494175941518,0.0,0.37252175200268134,0.5219989918211723,0,2.084,142,0.55,-0.607,0.692,0.613,0.41
red,earthy,0.6081594697249939,0,0,0,0,1,0,0,1,0.6462299638956435,0,0,0,0,0,1,0,0,1,0.7064689769098894,0.698362963131662,0.683225845511488,0.6757533881793871,0.6961053045869928,0.6331062474198464,0.6315615239246837,2,4.126,136,0.476,0.372,0.377,0.15,0.087
white,crisp,0.004405343334242984,1,1,0,0,0,0,0,0,0.4635344471234162,0,1,1,0,0,0,0,0,0,0.3266761280923253,0.8812075207639962,0.37848204187021717,0.5534453921772462,0.0,0.40849499490945546,0.4719148284877103,1,2.474,44,0.549,-0.536,0.566,0.573,0.384
red,earthy,0.4252799926719449,0,0,0,0,0,0,1,1,0.45185039903468904,0,0,0,0,1,0,1,0,1,0.809456798111504,0.4831152761097339,0.7543473808214706,0.6036093206249477,0.5764823174392035,0.720122445086049,0.5511679107431208,2,4.449,175,0.161,0.608,0.445,0.051,0.085
white,aromatic,0.10049467190376378,1,0,0,0,0,0,0,0,0.6927466541505187,0,1,1,1,0,0,0,0,0,0.10318738884032214,0.4019791268201371,0.3040439538732848,0.4356929437515835,0.0,0.5463951446652169,0.8455808966493774,0,2.56,262,0.518,-0.404,0.608,0.597,0.494
red,earthy,0.44738160478870626,0,0,0,0,1,0,1,0,0.3807604879722581,0,0,0,0,1,0,1,1,1,0.6870578085872472,0.5008121461917953,0.6448981502968827,0.639866910156641,0.6468138775801493,0.480914280550728,0.2601792215387537,3,3.948,10,0.346,0.439,0.273,0.154,0.1
white,crisp,0.2583289545145937,0,1,0,0,0,0,0,0,0.19042410571900184,1,1,0,0,0,0,0,0,0,0.2006024791982735,0.618314039265671,0.20102586549391765,0.5506960916049555,0.0,0.2020657425077038,0.41509168096803617,0,2.125,60,0.356,-0.518,0.716,0.636,0.377
white,rich,0.5274871430912188,0,0,1,0,0,0,0,0,0.607186254532994,0,0,1,0,0,0,0,0,1,0.5884392843159066,0.47038022253782624,0.9966888413417713,0.6325112002307783,0.0,0.8226849000752883,0.8876785970395428,0,4.726,124,0.362,0.268,0.746,0.673,0.273
red,earthy,0.6007135268207378,0,0,0,0,0,0,0,1,0.8150702731232778,0,0,0,0,0,1,1,0,1,0.8097358485491142,0.6615561100024354,0.6186231003019373,0.6887584340749843,0.6334615599032083,0.7532825168095514,0.4998382839874586,3,4.277,170,0.514,0.396,0.509,0.03,0.14
white,aromatic,0.48316483028625934,0,0,1,0,0,0,0,0,0.6524377076094362,0,1,1,1,0,0,0,0,0,0.299107164059518,0.8330854531352876,0.35935311774759704,0.3356391880979095,0.0,0.7888772333397309,0.5893815471716943,1,3.29,140,0.602,-0.565,0.741,0.64,0.239
white,oxidative,0.9104245046315644,0,0,1,1,1,0,0,0,0.6001746221699756,0,0,0,0,0,0,0,0,1,0.68744162304605,0.40729650293116315,0.6650572309056073,1.0,0.0,0.6641545305966644,0.7926748390563009,0,3.705,77,0.339,0.154,0.889,0.587,0.219
white,rich,0.8013536089495494,0,1,1,0,0,0,0,0,0.7766475209523439,0,1,1,1,0,0,1,0,1,0.3227397637901987,0.40612202966628064,0.6878049153055469,0.861145500039831,0.0,0.8405667855697079,0.8292361420927962,4,3.696,280,0.475,-0.063,0.847,0.758,0.299
white,sweet,0.5451776699462423,0,0,0,0,0,0,0,0,0.7473649825840298,0,0,1,0,0,0,0,1,1,0.639973304000626,0.7922665161547723,0.6777181971133921,0.8180226692780175,0.0,0.5983647025787673,0.8036936178663951,0,3.575,300,0.6,-0.087,0.781,0.796,0.583
white,rich,0.7944994200381023,0,0,1,0,0,0,0,0,0.5150698796673433,0,1,1,1,0,0,1,1,0,0.3729861281298625,0.33060801430050585,0.6853033594395312,0.5839738047779373,0.0,0.8171496425480244,0.7589161664236241,4,4.066,171,0.323,0.083,0.814,0.782,0.315
white,sweet,0.3485487698194478,0,0,1,0,0,0,0,0,0.7172161155867252,0,0,1,1,0,0,0,0,0,0.35799442500011097,0.6596636967146007,0.7074830258562022,0.7189408441150524,0.0,0.6007166218082032,0.6453546354806269,0,3.468,286,0.471,-0.115,0.714,0.593,0.275
white,crisp,0.13286900882469302,0,0,0,0,0,0,0,0,0.6729304911583445,1,1,0,0,0,0,0,0,0,0.1954773568948302,0.882059296931221,0.3401859440621538,0.35778417909826504,0.0,0.5502375293432857,0.4682525094751731,1,2.52,46,0.717,-0.663,0.591,0.594,0.447
red,light_red,0.27383704575220463,0,0,0,0,0,0,0,0,0.5305649355923103,0,0,0,0,0,0,0,0,0,0.1889529134057764,0.7318394824074979,0.19903120204464042,0.4969376757535194,0.1926489888657901,0.41927423274550935,0.4884010810587172,0,2.234,10,0.507,-0.339,0.311,0.009,0.276
red,fruity,0.6037946276753228,0,0,0,0,0,0,0,0,0.6393995878994075,0,0,0,0,1,1,1,1,0,0.010093589801646981,0.6968511652962784,0.5966891585862086,0.3755406595443818,0.3800709641208443,0.6101191917273163,0.3451960419504645,1,3.969,10,0.614,-0.196,0.372,0.023,0.377
red,earthy,0.3971754699496934,0,0,0,0,1,0,0,1,0.4652653601116322,0,0,0,0,0,0,1,0,1,0.9110220944600868,0.3864623992955858,0.5422720271537554,0.6434197143898831,0.5193781009396015,0.7894645227154365,0.7141817194700701,1,4.169,241,0.095,0.537,0.339,0.123,0.043
white,aromatic,0.49889515996144107,1,0,0,0,0,0,0,0,1.0,1,1,1,0,0,0,0,0,0,0.02803571228734566,0.5400971039560708,0.18353540307235733,0.414847957186586,0.0,0.769910923495257,0.7987758667785791,0,2.71,111,0.71,-0.637,0.749,0.736,0.561
white,rich,0.4723816782809858,0,0,0,0,0,0,0,0,0.7900668642479973,0,0,1,0,0,0,0,0,0,0.3190617008129344,0.584295079714257,0.9346302322695462,0.9033447837628475,0.0,0.8922798654607159,0.9553091677423292,0,4.005,142,0.487,-0.03,0.76,0.699,0.635
red,light_red,0.3729861611891375,0,0,0,0,0,0,1,0,0.42990454770244474,0,0,0,0,1,0,1,0,1,0.10349771156339038,0.5847048940498794,0.26152904197376586,0.1856323650294907,0.4163853068238196,0.4858999427218052,0.34584934580793736,0,2.777,22,0.508,-0.258,0.579,0.053,0.136
red,bold_red,0.8673442808469576,0,0,0,0,0,0,1,0,1.0,0,0,0,0,0,1,0,0,1,0.2155684475056672,0.4530294426633336,0.9670214144521054,1.0,0.7391270269129573,0.7898047758666911,0.9165954803908003,3,5.0,300,0.585,0.384,0.676,0.052,0.154
red,earthy,0.5983860385108769,0,0,0,0,0,0,0,0,0.2744730555173648,0,0,0,0,1,0,0,1,1,0.5032183928219609,0.6785144039962057,0.40816480227901347,0.635982025319031,0.5769703039174576,0.7401555684536011,0.4898510791956474,2,3.767,140,0.304,0.015,0.392,0.063,0.361
white,oxidative,0.6033215924458526,0,0,0,1,1,0,0,0,0.9070071742435447,0,0,0,0,0,0,0,0,0,0.873680252776142,0.5917988787756123,0.604302159246508,0.6118000134866832,0.0,0.5890703732629812,0.5303661529552609,0,3.616,300,0.445,0.185,0.758,0.521,0.168
white,aromatic,0.3156645106701018,1,0,0,0,0,0,0,0,0.6304506088103486,1,0,1,1,0,0,0,1,0,0.09139345598069427,0.8969639263398618,0.41407908351770334,0.45295129315891547,0.0,0.6517819607501248,0.8049601989001134,0,3.093,72,0.76,-0.63,0.682,0.699,0.59
red,light_red,0.24584803234653044,0,0,0,0,0,1,1,0,0.29132419989978026,0,0,0,0,1,0,0,0,0,0.36296063167873466,0.6506097848588048,0.125818969531457,0.4348371543892421,0.13867610208496983,0.3858645151613531,0.5177489699959298,1,2.17,72,0.404,-0.186,0.504,0.085,0.087
red,earthy,0.6786142311558745,0,0,0,0,0,0,1,1,0.37264991090862265,0,0,0,0,0,1,0,1,0,0.6248901568061858,0.6042007437852602,0.3454911978432704,1.0,0.6401785945262987,0.755547920157834,0.7416044903208877,4,3.471,300,0.309,0.289,0.538,0.066,0.133
red,bold_red,0.7843878368850159,0,0,0,0,0,0,0,0,0.9624055717567387,0,0,0,0,0,1,1,0,0,0.30051441800087686,0.4160058772490944,0.7434562642623455,0.9659462806294903,1.0,0.6471663233483209,0.7563022334168408,3,4.943,274,0.669,0.464,0.436,0.0,0.413
red,aged,0.33599148562245507,0,0,0,0,0,0,1,0,0.5383552639807581,0,0,0,0,1,1,1,1,1,1.0,0.5870013488974609,0.7208972947472501,0.8644881492644086,0.6288308245729066,1.0,0.6162662449407603,3,4.976,111,0.258,0.642,0.535,0.064,0.167
white,rich,0.5281782224698605,0,1,1,0,0,0,0,0,0.6062378908921784,0,1,1,0,0,0,1,0,0,0.28210358536001534,0.6670992668890389,0.7229402848190202,0.6582782334157105,0.0,0.4710062382536838,0.7123041027900061,0,3.528,141,0.583,-0.179,0.748,0.7,0.31
red,earthy,0.6580525167715677,0,0,0,0,1,0,1,0,0.35304929473026236,0,0,0,0,0,1,0,0,1,0.49745806938748455,0.5149581700721394,0.6812270805474822,0.8906860047785375,0.5165003312601064,0.5960177947075153,0.44174495003658976,0,4.121,104,0.231,0.297,0.4,0.115,0.059
red,light_red,0.3585284277058497,0,0,0,0,0,0,0,1,0.3434267634627212,0,0,0,0,1,0,0,0,0,0.08878741618652702,0.691891500772396,0.27198103535639684,0.5155209182731294,0.26443100378979384,0.18967320278164349,0.3990440898557532,1,2.265,34,0.48,-0.313,0.431,0.064,0.146
white,aromatic,0.19477332996265947,0,0,0,0,0,0,0,0,0.7627744103532411,0,1,1,1,0,0,0,0,0,0.17099215206477966,0.5508046082589444,0.6309940299464039,0.758013843757434,0.0,0.5536579399889866,0.6919471094976198,0,3.616,120,0.594,-0.377,0.632,0.674,0.494
red,light_red,0.3117855677830027,0,0,0,0,0,0,1,0,0.46006230832168066,0,0,0,0,1,0,0,0,0,0.08059196518396042,0.7802068216167305,0.38671533125930335,0.3925749563324342,0.44343052883444567,0.3369885053241745,0.41849525508114754,0,2.678,139,0.622,-0.275,0.542,0.074,0.128
red,light_red,0.1473825086038854,0,0,0,0,0,1,0,0,0.5566394470050667,0,0,0,0,0,0,0,0,0,0.1329370227295104,0.8234700583623175,0.33808086046308794,0.29998450614132977,0.287708352690557,0.5257074000745554,0.4304156107809476,1,3.072,83,0.663,-0.318,0.284,0.0,0.281
red,bold_red,0.7524587528138942,0,0,0,0,0,1,0,0,1.0,0,0,0,0,0,1,1,1,1,0.382260410420384,0.3764212522674961,0.9367933169646065,0.8542114143151667,0.8093049963296177,0.7297676125173738,0.8459854399144568,3,5.0,102,0.611,0.536,0.443,0.033,0.346
white,crisp,0.3406148687591703,1,0,0,0,0,0,0,0,0.6260219651073988,1,1,0,0,0,0,0,0,1,0.19232957260536368,0.735621256883586,0.20878789657921715,0.5765863910371134,0.0,0.36042515541415027,0.49339318960824496,2,2.197,147,0.576,-0.615,0.684,0.667,0.583
white,rich,0.7535393965881072,0,0,0,0,0,0,0,0,0.7096872707740385,0,0,1,1,0,0,1,1,0,0.5820877667787357,0.4717513244540336,0.7298749584722783,0.6620723089329437,0.0,0.44657935260124715,0.7289470200563867,0,3.609,196,0.407,-0.023,0.793,0.838,0.69
red,bold_red,0.630080811505121,0,0,0,0,0,0,1,0,1.0,0,0,0,0,1,1,1,0,0,0.4732231729259557,0.44058846824113485,0.7986954134151167,0.990169235584329,0.8501337029368982,0.9464811365104644,0.9807328532619504,2,5.0,298,0.575,0.501,0.635,0.074,0.085
white,sweet,0.4009228999357626,0,0,0,0,0,0,0,0,0.46999297513668076,0,0,1,1,0,0,1,1,0,0.5346754799978024,0.7882060513681021,0.5414016992233424,0.6219938741810341,0.0,0.5910435009483443,0.8436476903478386,0,2.93,236,0.479,-0.237,0.675,0.68,0.492
white,aromatic,0.279913859528529,1,1,0,0,0,0,0,0,1.0,1,1,1,1,0,0,0,0,1,0.25223397262064723,0.4848559608730554,0.29023779943908845,0.6875115412739518,0.0,0.4265506664715403,0.6598338747133905,0,2.188,300,0.693,-0.319,0.707,0.705,0.424
white,crisp,0.029877767103141606,0,0,0,0,0,0,0,0,0.6982504471099331,1,1,1,0,0,0,0,0,0,0.05138434856776439,0.5913724493888064,0.2797266499680158,0.24799362968626376,0.0,0.5823453652596758,0.441528959437732,0,2.688,34,0.673,-0.546,0.578,0.637,0.427
red,bold_red,0.8146493118941975,0,0,0,0,0,0,0,0,0.9609734043102178,0,0,0,0,1,0,1,1,0,0.3387691276789859,0.6558937922122241,1.0,0.608880353832951,0.7318346944558484,0.8381010545326094,0.8417932146787992,4,5.0,300,0.732,0.263,0.41,0.018,0.356
red,bold_red,0.6199124006092175,0,0,0,0,0,1,0,0,1.0,0,0,0,0,1,1,1,0,0,0.43989668958401906,0.6094050447364581,0.8152077667220436,0.881371415152215,0.9420224578074862,0.9046397569562096,0.8775140787396403,2,5.0,300,0.704,0.403,0.385,0.022,0.327
red,bold_red,0.7577376572934028,0,0,0,0,0,0,1,0,0.8733465514246217,0,0,0,0,1,1,0,1,0,0.3234309575603674,0.5007153430716996,0.7760286248391955,0.6118420666577158,0.8778574882300044,0.8980346987656797,0.7600469134058179,3,4.779,185,0.638,0.406,0.647,0.0,0.131
white,oxidative,0.9720296698433066,0,0,1,0,0,0,0,0,0.62868014956565,0,1,0,0,0,0,0,0,0,0.7437994910410319,0.46447891325393553,0.9024875826657953,0.40239026009704026,0.0,0.5883094217922991,0.34738249071351257,0,4.394,283,0.339,0.395,0.924,0.815,0.397
red,aged,0.5364599538609438,0,0,0,0,0,0,0,1,0.6725458590660279,0,0,0,0,1,0,1,1,1,0.7991075025117553,0.5928824068753207,0.6274520879654764,0.6868919149101519,0.5535304016111011,0.7689513121081393,0.42857204453437747,2,4.077,139,0.431,0.441,0.535,0.053,0.153
red,bold_red,0.6684409913653607,0,0,0,0,0,0,0,1,0.9070536729249894,0,0,0,0,1,1,0,0,0,0.5125196131615585,0.25155452169555037,0.7199342259325072,0.9259683431502785,0.8865108653783234,0.5150161328111249,0.7775019170160488,3,4.885,300,0.436,0.624,0.551,0.064,0.095
red,earthy,0.5847281780294254,0,0,0,0,0,0,0,1,0.46486396898976456,0,0,0,0,0,0,0,0,1,0.3883693390179524,0.4572290782690021,0.4760205303366839,0.6932856357219159,0.5200205236725988,0.5595455602251524,0.5813877804802384,1,3.332,142,0.313,0.225,0.478,0.0,0.035
red,bold_red,0.6830997092048762,0,0,0,0,0,0,0,0,1.0,0,0,0,0,1,1,1,0,0,0.5615207772800881,0.35328424199746766,0.666547871934107,0.9446000310597868,0.8461606697269279,0.835212421430322,1.0,4,4.981,131,0.531,0.574,0.398,0.036,0.348
white,oxidative,0.8332036523474595,0,0,1,1,1,0,0,0,0.8764636741951283,0,0,0,0,0,0,0,0,0,0.4865579717208566,0.43350294328843664,0.7179304479389904,0.5211415507360315,0.0,0.5884458315064615,0.4871128243484913,0,3.726,159,0.562,0.055,0.832,0.614,0.211
red,light_red,0.41298324037243495,0,0,0,0,0,0,1,0,0.32141111745008794,0,0,0,0,0,1,0,0,0,0.13501485221708737,0.34729016856409844,0.11480225984119233,0.3893531982479436,0.39824711333450313,0.30540661611393105,0.19473720649849158,0,2.095,10,0.315,-0.223,0.581,0.082,0.128
white,crisp,0.054548130987026336,0,0,0,0,0,0,0,0,0.34571667209432877,1,0,0,0,0,0,0,1,1,0.379232017282516,0.8358458722596799,0.2583714201687107,0.6129654061553766,0.0,0.17881821249507396,0.2695606953887873,1,1.948,300,0.496,-0.512,0.543,0.568,0.463
white,sweet,0.4878975051962735,0,0,0,0,0,0,0,0,0.7601502361777588,0,0,1,1,0,0,1,1,0,0.4810534244196034,0.7694315014911471,0.63682122707164,0.5883841818532906,0.0,0.6667596956584946,0.842205169560943,0,3.367,279,0.611,-0.168,0.801,0.783,0.58
white,rich,0.4184806777556825,0,0,1,1,0,0,0,0,0.6793566461833689,0,0,1,0,0,0,1,1,0,0.3032590775859868,0.24187434954243728,0.7686193267658787,0.7866943218109742,0.0,0.656216570136489,1.0,0,4.042,207,0.474,0.02,0.703,0.498,0.15
white,rich,0.6284910271848559,0,1,0,0,0,0,0,0,0.6553239447310233,0,0,1,1,0,0,0,0,0,0.46837007712944934,0.3965724286945122,0.8264834705324126,0.758397521233598,0.0,0.8699613761805967,0.6252781817493482,3,4.289,259,0.53,0.145,0.818,0.851,0.538
white,crisp,0.20889730402192175,0,1,0,0,0,0,0,0,0.7091345431280471,1,0,0,0,0,0,0,0,0,0.18696197585775265,0.713843042061714,0.20222186647699064,0.2879961796634039,0.0,0.32113038837106,0.5612527830880387,2,2.318,10,0.631,-0.533,0.649,0.676,0.433
white,rich,0.6019838822536188,0,1,1,0,0,0,0,0,0.8188368923224991,0,1,1,0,0,0,1,1,0,0.4704458900532733,0.46164908694981155,0.6462670949642244,0.7240214187287215,0.0,0.8744310941557202,0.5831296651068869,0,3.912,108,0.573,-0.037,0.737,0.661,0.281
red,light_red,0.23524544664070343,0,0,0,0,0,0,1,1,0.3353011205018059,0,0,0,0,0,0,0,0,0,0.0867947308879897,0.7264151643457816,0.3598600930307202,0.47351994392748514,0.22259282511355147,0.3927561164625984,0.3102352965986581,0,2.992,70,0.506,-0.357,0.392,0.056,0.093
white,aromatic,0.4949104517259778,1,0,0,0,0,0,0,0,1.0,0,1,1,1,0,0,0,0,0,0.41259088657809523,0.5861674445227115,0.4300456487118373,0.4548294458399752,0.0,0.5326122289260851,0.645951140103493,0,3.13,10,0.656,-0.274,0.785,0.741,0.675
white,aromatic,0.3295716544491929,1,0,0,0,0,0,0,0,0.95195928504505,1,0,1,0,0,0,0,0,0,0.2808858208204927,0.6810198441119375,0.27742730519401765,0.38248097982374313,0.0,0.7119333931224308,0.6274450190593105,0,2.768,247,0.687,-0.498,0.727,0.71,0.611
white,sweet,0.5182747553981893,0,1,0,1,0,0,0,0,0.7251241788052427,0,0,0,0,0,0,0,1,1,0.6443333808896835,0.2928082393623002,0.5771173813830203,0.9131036314808306,0.0,0.9335001267231988,0.6826893946285206,0,3.919,130,0.302,0.079,0.74,0.495,0.128
red,light_red,0.34645416277610586,0,0,0,0,0,0,0,1,0.3833958703181872,0,0,0,0,1,0,0,0,0,0.17961873979678955,0.608926266688276,0.3099250288319816,0.40026916071271823,0.3056791587613617,0.4784692729506415,0.37354726511919834,1,2.803,120,0.474,-0.255,0.43,0.0,0.02
red,fruity,0.6262332560941153,0,0,0,0,0,0,1,0,1.0,0,0,0,0,1,0,0,0,0,0.10964655094911879,0.4443373982654082,0.33752519034169637,0.3369756900540684,0.218415172871615,0.39974040123553006,0.6625117702500992,1,2.636,148,0.732,-0.189,0.597,0.074,0.124
red,light_red,0.3199904108076014,0,0,0,0,0,1,1,0,0.23478626468788333,0,0,0,0,1,0,0,0,1,0.19016363364399608,0.6903401816517223,0.3319626091937389,0.4409095226265184,0.2554711130787099,0.30460232444355495,0.5441869602688255,1,2.702,12,0.328,-0.235,0.573,0.085,0.103
red,fruity,0.587613335515955,0,0,0,0,0,1,1,0,0.6632914394552395,0,0,0,0,1,0,0,0,0,0.22174155956054326,0.7276255908607145,0.5475796422933363,0.5761810721343145,0.48805326832866514,0.495592274526919,0.6030324940561934,1,3.471,139,0.638,-0.038,0.634,0.05,0.12
red,fruity,0.6060274297508148,0,0,0,0,0,1,1,0,0.7198186818100214,0,0,0,0,1,1,0,0,0,0.05360436374844984,0.5974189395421106,0.40472308280676167,0.47894890893649095,0.4231942056454504,0.5308788511253312,0.691971675465153,0,3.171,93,0.621,-0.251,0.581,0.021,0.145
red,bold_red,0.8424809014441328,0,0,0,0,0,0,1,0,0.6063649600295256,0,0,0,0,0,1,1,0,0,0.5052969165555834,0.5748248840921136,0.9708157570051755,0.9328859372448349,0.705106533752912,0.8424940577720075,1.0,2,5.0,300,0.446,0.487,0.715,0.08,0.107
red,light_red,0.30307998626969956,0,0,0,0,0,0,1,0,0.16791515092669196,0,0,0,0,1,0,0,0,0,0.05188685844217033,0.6528201156475393,0.270568564125986,0.4729597584707199,0.2473789304815167,0.3347050633299881,0.6160029336478026,1,2.465,59,0.341,-0.352,0.512,0.037,0.091
red,bold_red,0.6102969638988864,0,0,0,0,0,1,0,0,0.7926357423181082,0,0,0,0,0,1,0,0,1,0.567390932500056,0.46352653406145344,0.903496857759078,0.9033544590340103,0.6694992674922529,0.8387793173655773,0.6929567093361104,4,5.0,251,0.45,0.482,0.383,0.0,0.359
red,light_red,0.27727542036292385,0,0,0,0,0,1,0,1,0.496192292321463,0,0,0,0,1,0,1,0,0,0.2285626641567676,0.5861534488541367,0.1056687003091862,0.53438159560506,0.19674462278897892,0.32197618039679743,0.35439050174574316,0,1.972,190,0.428,-0.361,0.41,0.061,0.1
red,light_red,0.13217827757229317,0,0,0,0,0,0,1,0,0.45317882361945094,0,0,0,0,0,0,0,0,0,0.14408126423406611,0.7577901319134074,0.1188207501428278,0.5015522572825682,0.1131712197420033,0.23361729957593297,0.4889382578001096,0,1.779,182,0.532,-0.434,0.485,0.11,0.05
red,aged,0.4589338076821378,0,0,0,0,1,0,0,1,0.4798072009664521,0,0,0,0,1,0,1,0,1,0.8759853174257659,0.7258267866356268,0.5601290201304168,0.7393004540548898,0.21089387956766645,0.8127648132958534,0.677997761276806,2,3.677,249,0.303,0.133,0.331,0.134,0.043
red,earthy,0.6266136900307906,0,0,0,0,1,0,1,0,0.5592900878666679,0,0,0,0,1,1,0,0,0,0.7730077362265335,0.42591801183016714,0.4780910109005222,0.6329001304340391,0.40105232486964926,0.7990018718700863,0.7018757416317452,4,3.692,178,0.311,0.346,0.401,0.122,0.086
red,aged,0.3900696958663363,0,0,0,0,1,0,0,1,0.6895291502792147,0,0,0,0,0,0,0,0,1,0.671193110829699,0.5822035871558497,0.5153136805992435,0.7432164909835739,0.49761795490877364,0.9015536494825279,0.6919478318464046,2,4.121,221,0.463,0.285,0.358,0.105,0.083
red,light_red,0.17306105883952022,0,0,0,0,0,0,1,0,0.29017711159865567,0,0,0,0,0,0,0,0,0,0.21201696389442937,0.5211944258092244,0.4306106472722725,0.6156141491185049,0.028878397713245782,0.46794297680041874,0.38054891703077953,1,2.712,10,0.365,-0.126,0.516,0.013,0.13
red,bold_red,0.9448838563012956,0,0,0,0,0,0,1,0,0.8300235299986087,0,0,0,0,0,1,0,0,0,0.4273431750965233,0.38630810589613923,0.8192419814078721,0.7346862616450334,1.0,0.6371886656086334,0.841599402902063,2,4.923,113,0.483,0.54,0.724,0.109,0.137
red,earthy,0.5576652158298162,0,0,0,0,1,0,1,1,0.4949537580265027,0,0,0,0,1,1,1,0,1,0.6535065227382185,0.6599904981672707,0.6618372563554101,0.4836139675523279,0.48989682049922734,0.6310722555505365,0.7368134047489817,2,4.173,44,0.435,0.238,0.381,0.138,0.0
white,sweet,0.44349700421715543,0,0,1,0,0,0,0,0,0.8028120906345813,0,0,1,1,0,0,0,1,0,0.5371546248963115,0.9105359743830614,0.661715044902606,0.5877818608533172,0.0,0.6982168080639473,0.6234389088659179,0,3.839,265,0.688,-0.272,0.765,0.612,0.273
white,sweet,0.4096642666239223,1,1,0,1,0,0,0,0,0.5612378431351517,1,0,1,0,0,0,1,0,0,0.5642416711854843,0.49272696474406213,0.5691173339768676,1.0,0.0,0.9114511055849174,0.6937969424169664,0,3.654,196,0.377,-0.05,0.718,0.45,0.098
red,light_red,0.11256246291612636,0,0,0,0,0,0,1,0,0.178689976801911,0,0,0,0,1,0,0,0,0,0.14769918762375123,0.45677311545297217,0.4162907328712283,0.14574157909380359,0.3221723374454614,0.42928514957637165,0.42611466531059633,0,3.153,190,0.318,-0.154,0.445,0.013,0.093
white,aromatic,0.24487264111766063,0,1,1,0,0,0,0,0,0.8303909399880295,0,1,0,0,0,0,0,1,1,0.18205924759768893,0.7975736643204602,0.3444050415523022,0.45277189775633025,0.0,0.40408821373793974,0.8158166272324959,1,2.31,300,0.802,-0.592,0.662,0.56,0.248
red,aged,0.43421199209169237,0,0,0,0,1,0,0,1,0.755759285270219,0,0,0,0,1,1,1,0,1,1.0,0.26790461597940496,1.0,0.6269169319054407,0.5631169724445814,0.823943132656191,0.9354443213231104,2,5.0,243,0.269,0.908,0.309,0.04,0.066
red,aged,0.36033666391750047,0,0,0,0,0,0,0,0,0.3303302466839676,0,0,0,0,1,1,1,0,1,0.8337458333619115,0.33398466499988605,0.6491719857998232,0.6505054580284194,0.20426802728115123,0.6640688866915241,0.8127222590394149,2,3.708,222,0.149,0.492,0.349,0.023,0.283
white,rich,0.7041203162968331,0,0,1,0,0,0,0,0,0.6390188644260907,1,0,1,0,0,0,1,1,0,0.47595152366212073,0.6636251321776959,0.9499624064417903,0.9803799661049325,0.0,0.7756408774370498,1.0,1,4.609,82,0.403,0.025,0.834,0.711,0.301
white,aromatic,0.49933900455717983,0,0,0,0,0,0,0,0,0.8265019709410688,0,0,1,1,0,0,0,1,0,0.14688766413159682,0.42174958316572225,0.17801508019048107,0.6919548156409099,0.0,0.6215158548124972,0.8778614352423009,0,2.271,218,0.597,-0.486,0.764,0.752,0.57
white,rich,0.4071848134990964,0,0,1,0,0,0,0,0,0.7340451549164341,0,1,1,1,0,0,1,1,1,0.5556921415300341,0.5132858619859557,0.8635420913172759,0.727131839041902,0.0,1.0,0.9588924226896773,2,4.987,235,0.478,0.065,0.67,0.569,0.226
white,crisp,0.03935825988535893,0,0,0,0,0,0,0,0,0.4413367379764409,1,1,1,0,0,0,0,0,0,0.25116369095311064,0.7332299845791438,0.4431709977733328,0.45640899246126204,0.0,0.34713037913470174,0.5772471737496645,0,2.372,10,0.561,-0.468,0.562,0.591,0.477
white,oxidative,0.7244068228733029,0,0,1,1,1,0,0,0,0.7478089541576846,0,1,1,1,0,0,1,0,1,0.606549103163404,0.4109014029120689,0.8698177816502586,0.728105891987848,0.0,0.38394980755217434,0.7831132734115258,1,3.686,163,0.42,0.252,0.789,0.584,0.218
red,bold_red,0.8450737378698429,0,0,0,0,0,0,0,0,0.7761469487840313,0,0,0,0,1,1,1,0,0,0.4504610092019113,0.5646694441149829,0.7987164517438148,0.7104212189703737,0.561348048885781,0.9051428867512759,0.886526918633899,4,5.0,229,0.593,0.353,0.387,0.0,0.401
white,rich,0.8429581333313068,0,1,1,0,0,0,0,0,0.7856531800677293,0,0,1,0,0,0,1,1,0,0.24445128420240594,0.42006508699761236,0.8073928344988648,0.8844333451412933,0.0,0.7905754738218125,0.5953147599919526,0,4.419,289,0.557,-0.072,0.854,0.775,0.354
red,earthy,0.6242828917144303,0,0,0,0,0,0,0,1,0.29995542153994503,0,0,0,0,1,0,0,0,1,0.4313755914972864,0.6174690230277498,0.514702896674668,0.5507048957173281,0.6799790920882143,0.7246469730783036,0.3351225963734172,2,3.965,300,0.333,0.18,0.536,0.042,0.136
white,sweet,0.6446054828907574,0,0,0,0,0,0,0,0,0.6913721357499223,0,0,1,1,0,0,0,0,0,0.358433563720494,0.5733706182251087,0.6146131586500874,0.9110056819231981,0.0,0.70380444960543,0.9465689800829223,4,3.732,95,0.427,-0.168,0.768,0.818,0.635
red,earthy,0.4685079343817877,0,0,0,0,0,0,0,0,0.6888013901860993,0,0,0,0,1,0,0,0,1,0.8947117936575149,0.5109573513470835,0.7554996871830019,0.5688534480735654,0.6312025790242921,0.8364385281673061,0.7584675588069747,2,4.716,163,0.484,0.614,0.295,0.011,0.299
white,rich,0.7130281659235631,0,1,1,0,0,0,0,0,0.8424583867638643,0,0,1,0,0,0,1,1,0,0.4287990681394994,0.6440150359816005,0.7301201997122715,0.5633556278950217,0.0,0.7777005468984051,0.8901449247997141,1,4.287,174,0.57,-0.163,0.81,0.74,0.269
red,earthy,0.7241001257577332,0,0,0,0,0,0,1,1,0.7393053075464882,0,0,0,0,1,1,0,0,1,0.810310699177966,0.7819481677589897,0.6820393623433422,0.6432921791593492,0.5114455746196438,0.5985703814121408,0.5060577005006119,1,4.093,95,0.445,0.273,0.514,0.015,0.029
red,light_red,0.17626656443538471,0,0,0,0,0,0,1,1,0.3833940545320961,0,0,0,0,1,1,0,0,0,0.05871901531177845,0.6095365825034041,0.07344456467894475,0.10927315052021061,0.3276058350886962,0.2740499529696732,0.5492403286475025,0,1.696,194,0.53,-0.369,0.396,0.05,0.08
red,bold_red,0.7808175106319206,0,0,0,0,0,0,0,0,0.7704519375046877,0,0,0,0,1,0,1,1,0,0.5864429989621296,0.5958699364913645,0.9860322750550522,0.8425302147586314,0.5941558026575229,0.6357531508722127,0.620672141852732,0,4.937,262,0.418,0.52,0.404,0.049,0.406
white,oxidative,0.7615489220850744,0,0,0,0,1,0,0,0,0.7894309789670764,0,1,1,0,0,0,0,0,1,0.6478576917774839,0.09593074795853193,0.6914020430058879,0.5584343328481667,0.0,0.773904713651802,0.6536448341749109,0,3.988,273,0.322,0.377,0.828,0.586,0.172
red,light_red,0.11168762170305009,0,0,0,0,0,0,0,0,0.36576637694105757,0,0,0,0,0,1,0,0,0,0.0,0.5541533220454796,0.012832730450018199,0.44883567041077255,0.2749561525540055,0.32361656974132746,0.4563800025576422,1,2.075,104,0.526,-0.464,0.282,0.079,0.28
white,aromatic,0.37159139721521683,0,0,0,0,0,0,0,0,0.9099248357399122,1,0,0,1,0,0,0,0,0,0.27413752480641346,0.5056414955394374,0.5978977591202639,0.7759899626575247,0.0,0.8496715870202803,0.8442898676841956,4,3.725,119,0.667,-0.15,0.715,0.722,0.572
red,aged,0.5448405658179413,0,0,0,0,1,0,0,1,0.5925066229918867,0,0,0,0,1,0,0,0,1,0.9045741459645968,0.43567880816312543,0.6984178250439431,0.8828408638523705,0.5927877404315278,0.8035908796354126,0.5960367559879465,2,4.646,300,0.348,0.609,0.433,0.125,0.054
white,rich,0.6508484352236199,0,0,0,1,0,0,0,0,0.8063911489333306,0,0,0,1,0,0,1,1,0,0.2686975862912575,0.3964850295024997,0.565637927290239,0.8238020668182694,0.0,0.5486981577535557,0.8758170040374377,1,3.045,260,0.481,-0.152,0.784,0.599,0.146
red,fruity,0.65105554863511,0,0,0,0,0,1,0,1,0.5432020000351614,0,0,0,0,1,0,0,0,0,0.11629617805396035,0.5068046985486361,0.43325090656716947,0.6467208237521607,0.2521903723370689,0.4938740372872312,0.7597807799077279,1,2.959,215,0.501,-0.267,0.533,0.057,0.05
red,bold_red,0.6447383775190532,0,0,0,0,0,0,0,0,0.6479450729494967,0,0,0,0,1,1,1,0,0,0.5908309454196947,0.6095796967948184,0.7076351444997937,0.6384225338926559,0.7030290894328897,0.5219701754617749,0.7826227698079545,3,3.713,215,0.497,0.402,0.442,0.016,0.375
white,crisp,0.36659566044620573,1,1,0,0,0,0,0,0,0.5964378217681818,1,1,0,1,0,0,0,0,0,0.07264612432224399,0.8861128159637586,0.19981550699448708,0.5385497558583608,0.0,0.091085952897667,0.7394088678227065,0,1.716,238,0.673,-0.756,0.745,0.674,0.479
red,earthy,0.7026177801623728,0,0,0,0,0,0,0,0,0.6768780215514035,0,0,0,0,1,1,1,0,1,0.4471048208221211,0.6805730012568718,0.5432831536765371,0.4781856916110886,0.6247568775492908,0.6244518833662994,0.5515053630687557,0,3.702,156,0.489,0.182,0.356,0.017,0.34
red,earthy,0.43888288279839277,0,0,0,0,0,0,1,1,0.5300973090476632,0,0,0,0,1,1,1,0,1,0.3612049754903475,0.625616199618482,0.6328628370542708,0.7340156379524179,0.7140335849631574,0.8696576286509256,0.5586976321737926,4,4.836,76,0.502,0.21,0.412,0.053,0.078
red,earthy,0.6931829821590033,0,0,0,0,0,0,0,1,0.6193576946146543,0,0,0,0,0,0,0,0,1,0.6483760696339056,0.49080400752538966,0.7371621100230242,0.6982310139214957,0.39041546934230065,0.6826969324954086,0.35378721987696005,3,3.966,111,0.34,0.373,0.478,0.0,0.116
red,aged,0.3400908548552688,0,0,0,0,1,0,0,0,0.4703899990113948,0,0,0,0,0,0,1,1,1,0.7851782556115837,0.4801434722269683,0.8107557314343139,0.690899230116941,0.38717336984581574,0.9189248136273964,0.7407320082222497,2,5.0,300,0.266,0.415,0.378,0.088,0.043
white,oxidative,0.7360302170984991,0,0,1,1,1,0,0,0,0.43637572809502,0,0,0,0,0,0,1,0,1,0.530510671550739,0.5089065520504912,0.6856786199923901,0.7240581449034498,0.0,0.4763173022195957,0.5228168284785175,3,3.767,115,0.283,0.053,0.795,0.548,0.196
white,rich,0.4057217004941021,0,0,1,0,0,0,0,0,0.8819307303403102,0,1,0,0,0,0,1,1,1,0.24506170208893585,0.5871775469659994,0.7401765707975738,0.5396118719037619,0.0,0.9079212365285526,0.761421730263727,0,4.024,300,0.704,-0.254,0.709,0.655,0.273
white,rich,0.8209853602414857,0,0,1,1,0,0,0,0,0.8280569773963162,0,1,1,1,0,0,1,1,0,0.356981599011953,0.48410255144730996,0.8225464876026454,0.6267313906188605,0.0,0.6744784565033283,1.0,1,4.138,264,0.554,-0.014,0.917,0.602,0.175
white,aromatic,0.4447500596063233,0,0,1,0,0,0,0,0,0.5719845125492556,0,1,0,1,0,0,0,0,1,0.02523506813412233,0.4627460829667984,0.6237093665664248,0.5125441331855669,0.0,0.649933412834216,0.595074031258449,0,3.242,10,0.547,-0.341,0.729,0.617,0.261
red,earthy,0.7222903178181589,0,0,0,0,1,0,0,0,0.5450906266834518,0,0,0,0,0,0,1,1,0,0.8312037727268575,0.6046194875763932,0.6050449883552504,0.6373466887115633,0.484131706001669,0.9067971375618019,0.4954885972409922,4,4.075,88,0.301,0.404,0.392,0.133,0.119
white,rich,0.6695549698961054,0,1,1,0,0,0,0,0,0.955311774425546,0,0,1,1,0,0,0,0,1,0.33912091186343585,0.3111562795815575,0.7783465857014766,0.8171695752547662,0.0,0.7485023858857168,0.7196664762208027,4,4.292,214,0.465,0.098,0.802,0.775,0.297
white,crisp,0.054250646402925366,1,0,0,0,0,0,0,0,0.4567913655942325,1,0,0,1,0,0,0,0,0,0.34578229892566675,0.7943359474912304,0.06336140815164132,0.1353521180163374,0.0,0.3395520296488925,0.4764213256593795,1,1.788,153,0.5,-0.648,0.609,0.566,0.458
white,oxidative,0.6684202509305517,0,0,1,0,1,0,0,0,0.659618922438645,0,0,0,0,0,0,0,1,1,0.5977486637687284,0.5202444663328113,0.7823564578661104,0.48513371521132687,0.0,0.8920901771973824,0.729574131080999,0,4.371,106,0.427,0.039,0.834,0.55,0.18
white,crisp,0.04085981186301524,0,0,0,0,0,0,0,0,0.5672848367009943,0,1,0,0,0,0,0,0,0,0.13855568434790375,0.680882710721272,0.4310756448292167,0.23986815459450167,0.0,0.23747822860539775,0.37675215733570355,0,2.679,10,0.534,-0.436,0.566,0.554,0.478
red,bold_red,0.7309039780678129,0,0,0,0,0,1,1,0,1.0,0,0,0,0,0,1,1,1,0,0.529405171958038,0.5434066434279747,0.9133808136261101,0.7988092441824572,0.9550998473670722,0.85452041330155,0.9704441970643574,4,5.0,139,0.631,0.533,0.725,0.005,0.142
red,bold_red,0.6911113366471205,0,0,0,0,0,0,1,0,0.7911595157481519,0,0,0,0,1,1,0,0,0,0.363197608299206,0.5087488286779754,0.8531641898169415,0.8760969438566101,0.9782864391373811,0.5348438384791309,0.6019163316125878,3,4.829,146,0.487,0.562,0.63,0.098,0.101
red,fruity,0.5266256012920562,0,0,0,0,0,0,1,0,0.7252694311260977,0,0,0,0,1,0,0,0,0,0.38514347098865453,0.77268226598127,0.5898436462391321,0.6645421853564184,0.4941751164808743,0.5380534247912061,0.8310854209821706,1,3.464,300,0.69,0.111,0.609,0.03,0.101
white,aromatic,0.3880146146184298,0,0,0,0,0,0,0,0,0.6160487913350169,0,1,1,1,0,0,0,1,0,0.17670975280521564,0.6533332777422506,0.5367216594626523,0.6596368269764286,0.0,0.6682328126376049,0.8701409486842941,0,3.242,171,0.621,-0.273,0.733,0.7,0.562
red,aged,0.32928834588669403,0,0,0,0,1,0,0,1,0.7912049678537413,0,0,0,0,0,0,1,0,1,0.9424321893091301,0.4261633466940316,0.6840477358612427,0.7632498346475596,0.5859437984851352,0.9355475107643781,0.8001122329120238,3,4.739,19,0.321,0.567,0.292,0.141,0.007
white,rich,0.5553690484256739,0,1,1,0,0,0,0,0,0.9348098271548766,0,1,1,0,0,0,0,0,0,0.36660185871707124,0.43649400296460167,0.6832217913768484,0.7648853066397348,0.0,0.6070958043088537,0.7864982708184741,1,3.475,270,0.556,-0.094,0.815,0.631,0.286
red,earthy,0.5397302282201164,0,0,0,0,1,0,0,0,0.5443990192097116,0,0,0,0,1,0,1,0,1,0.37486930038275923,0.4362569633862312,0.7394815263742031,0.7285285677037631,0.6945949167539289,0.6748833203831072,0.8775193355096682,3,4.548,149,0.478,0.366,0.365,0.097,0.03
white,crisp,0.332498322035977,0,1,0,0,0,0,0,0,0.37220834960292626,1,0,0,0,0,0,0,0,0,0.05139532421736035,0.7347793238632413,0.16034247974965848,0.5138837972717111,0.0,0.4140962200566359,0.5600615334010268,0,1.951,180,0.457,-0.792,0.782,0.696,0.462
red,bold_red,0.9277335009195444,0,0,0,0,0,1,1,0,0.7430858616848645,0,0,0,0,1,1,1,0,0,0.2138861040697539,0.4212479645792177,1.0,1.0,0.6887393061425809,0.819398180119401,0.885053519202717,3,5.0,123,0.537,0.348,0.722,0.064,0.178
red,light_red,0.3389649236567319,0,0,0,0,0,0,1,0,0.4326148739635064,0,0,0,0,0,0,0,0,0,0.2073510909101931,0.757432475541228,0.3290010596593528,0.3166391982728225,0.17413409838312927,0.373532849035069,0.4025329719287796,0,2.514,148,0.588,-0.32,0.536,0.019,0.121
red,bold_red,0.7419980164153415,0,0,0,0,0,1,0,0,0.8047467385079315,0,0,0,0,0,1,1,0,0,0.427005054486839,0.48775685707574423,0.7090575016533226,0.9766115386644821,0.6074861086065528,0.6842708366141285,0.8177977652829304,3,4.371,284,0.443,0.311,0.335,0.023,0.365
red,fruity,0.4973954854953395,0,0,0,0,0,1,1,0,0.6927486908413105,0,0,0,0,0,1,0,1,1,0.30316417144362323,0.6780182305660998,0.421492828852404,0.40373430359851703,0.46889313278667266,0.19762616210774772,0.528926510586152,0,2.681,147,0.541,-0.069,0.574,0.022,0.13
white,crisp,0.33664880301710964,1,0,0,0,0,0,0,0,0.4257213285854821,0,1,1,0,0,0,0,0,0,0.026916493310809347,0.6562653147987186,0.11007907638396443,0.4347912369654996,0.0,0.2375927592223291,0.5507854832381887,0,1.453,21,0.526,-0.775,0.713,0.717,0.513
white,rich,0.40314201784615666,0,0,1,0,0,0,0,0,0.5829625438078554,0,1,1,0,0,0,1,1,1,0.5108695980474951,0.4508076089273978,0.5911747413777922,0.8716653709619835,0.0,0.5930907834130925,0.7653101035398119,2,3.257,76,0.38,0.007,0.686,0.6,0.269
white,aromatic,0.40710584708573505,1,0,0,0,0,0,0,0,0.7832110357989286,0,1,0,1,0,0,0,0,0,0.1582635011659044,0.6366264735796926,0.2768053765060119,0.4572326372048824,0.0,0.6712180713155174,0.6137865770018338,1,2.771,265,0.728,-0.483,0.679,0.716,0.528
red,earthy,0.7030197257857392,0,0,0,0,0,0,1,1,0.5341348051559578,0,0,0,0,1,1,1,0,1,0.43735087150157775,0.5642277706529274,0.5763142229900496,0.7034778211841204,0.5400295649454759,0.6886430108811292,0.3922061958104006,0,4.1,171,0.414,0.156,0.5,0.078,0.107
white,rich,0.5934933463544769,0,0,0,0,0,0,0,0,0.6584512511190704,1,1,1,0,0,0,1,0,0,0.41965970708733813,0.3220919563830134,0.7062087173739043,0.7194625739735983,0.0,0.49572596025386506,0.9097736084761633,0,3.33,132,0.308,0.031,0.833,0.779,0.639
red,earthy,0.7482080913057515,0,0,0,0,1,0,1,1,0.5499097374196142,0,0,0,0,1,0,0,0,1,0.63480769315399,0.6852805189946231,0.7558963805135233,0.7805953430930285,0.7213308209950041,0.4736777577386636,0.4470578260892935,3,4.413,110,0.306,0.348,0.391,0.16,0.067
white,rich,0.6078295665737996,0,0,1,0,0,0,0,0,0.83829495239175,0,0,1,0,0,0,0,1,0,0.2867715964107216,0.4104178549008993,0.736969859689859,0.8836649061991307,0.0,0.6623428343544735,0.593815131448682,0,3.632,300,0.499,-0.064,0.777,0.736,0.28
red,light_red,0.20249246786109115,0,0,0,0,0,0,1,0,0.09959426116063719,0,0,0,0,1,0,0,0,0,0.3942391471125915,0.6862462045621451,0.04075744074262114,0.19166589443781346,0.10427262491435914,0.37849231544750805,0.3637229210163525,1,1.794,10,0.311,-0.418,0.507,0.0,0.093
red,bold_red,0.8645791266452405,0,0,0,0,0,0,1,1,0.504686061109972,0,0,0,0,1,1,1,0,1,0.5118652143689337,0.5186689356555775,0.9573334154721547,0.9517757411674388,0.665831462638375,0.8082876020474336,0.6411965978367078,3,5.0,300,0.322,0.565,0.567,0.068,0.151
white,crisp,0.3196631884419128,1,0,0,0,0,0,0,0,0.5430850323972333,0,0,1,0,0,0,0,1,0,0.2061532544945152,0.7736764688415562,0.054583833934884786,0.3900974410638156,0.0,0.23286309168675615,0.741693465727071,1,1.252,204,0.679,-0.702,0.707,0.714,0.509
red,bold_red,0.8922240323589861,0,0,0,0,0,0,0,0,0.6519147818873946,0,0,0,0,1,1,1,0,0,0.583411571086597,0.36570157258418,0.6276993057842607,0.974759475743216,0.7464307285703975,0.6381261074714533,0.5621303176114019,3,4.081,158,0.26,0.529,0.429,0.041,0.396
white,aromatic,0.349640617672735,0,1,0,0,0,0,0,0,0.79709152397077,1,1,0,1,0,0,0,0,0,0.0,0.8879176348963902,0.42667391962894635,0.8154446948045536,0.0,0.7922203725042734,0.6099476042761681,4,3.073,164,0.884,-0.655,0.712,0.705,0.427
white,rich,0.6146717013307096,0,0,0,0,0,0,0,0,0.6039894452994743,0,0,1,0,0,0,1,0,0,0.3306135486368787,0.35630775679905347,1.0,0.475561751285391,0.0,0.9238823025007802,0.7945680778178565,0,4.9,178,0.391,0.218,0.823,0.759,0.611
white,rich,0.7550196122992032,0,0,1,0,0,0,0,0,0.6768175103446371,0,0,1,1,0,0,1,0,0,0.6855035923714723,0.573455833864689,0.6999087504801971,0.6361394147694911,0.0,0.6155851599308237,0.7440624230689191,0,3.793,78,0.416,0.149,0.849,0.746,0.276
white,aromatic,0.3001909263466873,0,1,0,0,0,0,0,0,0.6982371705779941,0,1,0,1,0,0,0,0,0,0.09450409671911914,0.7237881212833318,0.35588703117223064,0.4670842880612629,0.0,0.8866642274886141,0.8847915704697352,1,2.947,253,0.625,-0.626,0.675,0.631,0.47
red,aged,0.5622260077818144,0,0,0,0,1,0,0,1,0.6014179900440152,0,0,0,0,1,1,1,0,1,0.7622166468302023,0.3885125747028822,0.5067480772510651,0.8411305529080315,0.6315829582237108,0.8540548744435873,0.8216978257567686,2,4.306,300,0.239,0.424,0.395,0.067,0.086
red,earthy,0.41851622186706927,0,0,0,0,0,0,0,1,0.5994372671029892,0,0,0,0,1,0,0,0,0,0.47896692190714407,0.5426632155268306,0.4289518382785309,0.37238894914944826,0.7635554899131277,0.5794796850011545,0.5638671873318384,0,3.638,213,0.441,0.287,0.499,0.048,0.101
white,crisp,0.1943269715650526,1,0,0,0,0,0,0,0,0.6656700914810054,1,1,0,0,0,0,0,1,0,0.0,0.9842798346946308,0.18192558261015548,0.4893654822670076,0.0,0.17731667686826738,0.2679579807968662,2,1.671,149,0.814,-0.865,0.674,0.674,0.518
